date,store_id,item_id,qty_sold,price,on_promo
2023-01-01,1,101,31,70,1
2023-01-02,1,101,22,124,0
2023-01-03,1,101,34,153,1
2023-01-04,1,101,23,102,0
2023-01-05,1,101,17,87,0
2023-01-06,1,101,17,70,0
2023-01-07,1,101,16,71,0
2023-01-08,1,101,28,98,0
2023-01-09,1,101,26,64,0
2023-01-10,1,101,29,100,0
2023-01-11,1,101,27,113,0
2023-01-12,1,101,24,100,0
2023-01-13,1,101,22,67,0
2023-01-14,1,101,25,58,1
2023-01-15,1,101,25,133,0
2023-01-16,1,101,27,57,0
2023-01-17,1,101,30,130,0
2023-01-18,1,101,19,181,0
2023-01-19,1,101,17,103,0
2023-01-20,1,101,25,195,0
2023-01-21,1,101,25,63,0
2023-01-22,1,101,42,89,1
2023-01-23,1,101,20,131,0
2023-01-24,1,101,44,173,1
2023-01-25,1,101,28,64,0
2023-01-26,1,101,28,120,0
2023-01-27,1,101,24,185,0
2023-01-28,1,101,23,130,0
2023-01-29,1,101,23,82,0
2023-01-30,1,101,26,90,0
2023-01-31,1,101,39,61,1
2023-02-01,1,101,17,111,0
2023-02-02,1,101,23,153,0
2023-02-03,1,101,26,150,1
2023-02-04,1,101,30,50,0
2023-02-05,1,101,20,191,0
2023-02-06,1,101,22,64,0
2023-02-07,1,101,25,112,0
2023-02-08,1,101,22,145,0
2023-02-09,1,101,30,192,1
2023-02-10,1,101,26,62,0
2023-02-11,1,101,22,135,0
2023-02-12,1,101,40,183,1
2023-02-13,1,101,35,79,1
2023-02-14,1,101,29,141,0
2023-02-15,1,101,24,178,0
2023-02-16,1,101,24,170,0
2023-02-17,1,101,19,52,0
2023-02-18,1,101,22,186,0
2023-02-19,1,101,29,100,0
2023-02-20,1,101,25,108,0
2023-02-21,1,101,21,162,0
2023-02-22,1,101,37,61,1
2023-02-23,1,101,29,180,0
2023-02-24,1,101,16,130,0
2023-02-25,1,101,26,179,0
2023-02-26,1,101,27,178,0
2023-02-27,1,101,18,102,0
2023-02-28,1,101,27,117,0
2023-03-01,1,101,22,172,0
2023-03-02,1,101,16,73,0
2023-03-03,1,101,20,188,0
2023-03-04,1,101,30,146,0
2023-03-05,1,101,24,119,0
2023-03-06,1,101,36,196,1
2023-03-07,1,101,25,196,0
2023-03-08,1,101,19,101,0
2023-03-09,1,101,24,177,0
2023-03-10,1,101,27,60,1
2023-03-11,1,101,27,91,0
2023-03-12,1,101,18,193,0
2023-03-13,1,101,33,109,1
2023-03-14,1,101,16,97,0
2023-03-15,1,101,38,58,1
2023-03-16,1,101,24,97,0
2023-03-17,1,101,28,169,1
2023-03-18,1,101,16,124,0
2023-03-19,1,101,16,153,0
2023-03-20,1,101,19,161,0
2023-03-21,1,101,42,142,1
2023-03-22,1,101,17,131,0
2023-03-23,1,101,17,117,0
2023-03-24,1,101,16,97,0
2023-03-25,1,101,19,185,0
2023-03-26,1,101,22,177,0
2023-03-27,1,101,16,164,0
2023-03-28,1,101,21,87,0
2023-03-29,1,101,21,57,0
2023-03-30,1,101,26,70,0
2023-03-31,1,101,29,160,0
2023-04-01,1,101,16,110,0
2023-04-02,1,101,18,98,0
2023-04-03,1,101,25,55,1
2023-04-04,1,101,18,86,0
2023-04-05,1,101,23,95,0
2023-04-06,1,101,20,165,0
2023-04-07,1,101,30,116,0
2023-04-08,1,101,17,103,0
2023-04-09,1,101,37,163,1
2023-04-10,1,101,36,176,1
2023-04-11,1,101,26,66,0
2023-04-12,1,101,23,92,0
2023-04-13,1,101,21,75,0
2023-04-14,1,101,18,62,0
2023-04-15,1,101,27,106,0
2023-04-16,1,101,19,114,0
2023-04-17,1,101,23,193,0
2023-04-18,1,101,40,192,1
2023-04-19,1,101,27,81,0
2023-04-20,1,101,22,100,0
2023-04-21,1,101,24,174,0
2023-04-22,1,101,21,135,0
2023-04-23,1,101,16,119,0
2023-04-24,1,101,30,150,0
2023-04-25,1,101,25,152,1
2023-04-26,1,101,27,143,1
2023-04-27,1,101,30,101,0
2023-04-28,1,101,42,196,1
2023-04-29,1,101,16,68,0
2023-04-30,1,101,27,139,0
2023-05-01,1,101,20,111,0
2023-05-02,1,101,22,189,0
2023-05-03,1,101,20,171,0
2023-05-04,1,101,16,145,0
2023-05-05,1,101,29,138,0
2023-05-06,1,101,28,65,1
2023-05-07,1,101,28,118,0
2023-05-08,1,101,21,125,0
2023-05-09,1,101,25,135,0
2023-05-10,1,101,24,118,0
2023-05-11,1,101,30,193,0
2023-05-12,1,101,25,134,0
2023-05-13,1,101,22,150,0
2023-05-14,1,101,22,118,0
2023-05-15,1,101,19,187,0
2023-05-16,1,101,30,118,1
2023-05-17,1,101,28,73,0
2023-05-18,1,101,30,189,1
2023-05-19,1,101,17,82,0
2023-05-20,1,101,25,61,1
2023-05-21,1,101,30,123,1
2023-05-22,1,101,26,190,0
2023-05-23,1,101,27,179,0
2023-05-24,1,101,28,84,0
2023-05-25,1,101,22,57,0
2023-05-26,1,101,42,164,1
2023-05-27,1,101,24,107,0
2023-05-28,1,101,20,124,0
2023-05-29,1,101,28,70,0
2023-05-30,1,101,28,187,0
2023-05-31,1,101,20,148,0
2023-06-01,1,101,19,145,0
2023-06-02,1,101,32,61,1
2023-06-03,1,101,16,72,0
2023-06-04,1,101,24,79,0
2023-06-05,1,101,16,133,0
2023-06-06,1,101,24,68,0
2023-06-07,1,101,16,196,0
2023-06-08,1,101,27,77,0
2023-06-09,1,101,29,101,0
2023-06-10,1,101,18,193,0
2023-06-11,1,101,20,189,0
2023-06-12,1,101,24,102,0
2023-06-13,1,101,22,88,0
2023-06-14,1,101,42,191,1
2023-06-15,1,101,30,124,0
2023-06-16,1,101,30,123,1
2023-06-17,1,101,25,56,0
2023-06-18,1,101,29,186,0
2023-06-19,1,101,23,54,1
2023-06-20,1,101,28,132,0
2023-06-21,1,101,23,114,0
2023-06-22,1,101,32,94,1
2023-06-23,1,101,19,68,0
2023-06-24,1,101,28,140,0
2023-06-25,1,101,36,175,1
2023-06-26,1,101,18,175,0
2023-06-27,1,101,25,110,0
2023-06-28,1,101,30,50,0
2023-06-29,1,101,18,162,0
2023-06-30,1,101,34,166,1
2023-07-01,1,101,30,129,1
2023-07-02,1,101,30,196,1
2023-07-03,1,101,19,96,0
2023-07-04,1,101,24,192,0
2023-07-05,1,101,40,167,1
2023-07-06,1,101,31,61,1
2023-07-07,1,101,37,151,1
2023-07-08,1,101,27,166,0
2023-07-09,1,101,23,139,0
2023-07-10,1,101,23,77,0
2023-07-11,1,101,27,194,0
2023-07-12,1,101,24,190,0
2023-07-13,1,101,29,183,0
2023-07-14,1,101,17,96,0
2023-07-15,1,101,24,105,0
2023-07-16,1,101,38,168,1
2023-07-17,1,101,23,114,0
2023-07-18,1,101,22,60,1
2023-07-19,1,101,20,135,0
2023-01-01,1,102,30,147,0
2023-01-02,1,102,28,178,0
2023-01-03,1,102,24,55,0
2023-01-04,1,102,40,151,1
2023-01-05,1,102,22,102,0
2023-01-06,1,102,24,132,0
2023-01-07,1,102,20,159,0
2023-01-08,1,102,28,162,1
2023-01-09,1,102,27,141,0
2023-01-10,1,102,34,167,0
2023-01-11,1,102,22,61,0
2023-01-12,1,102,20,182,0
2023-01-13,1,102,46,194,1
2023-01-14,1,102,34,134,0
2023-01-15,1,102,33,152,0
2023-01-16,1,102,25,87,0
2023-01-17,1,102,21,79,0
2023-01-18,1,102,34,101,0
2023-01-19,1,102,28,128,0
2023-01-20,1,102,31,155,0
2023-01-21,1,102,22,78,0
2023-01-22,1,102,23,194,0
2023-01-23,1,102,29,133,0
2023-01-24,1,102,27,55,0
2023-01-25,1,102,24,175,0
2023-01-26,1,102,30,164,0
2023-01-27,1,102,34,129,0
2023-01-28,1,102,34,193,0
2023-01-29,1,102,27,181,0
2023-01-30,1,102,27,145,0
2023-01-31,1,102,22,110,0
2023-02-01,1,102,29,70,0
2023-02-02,1,102,24,110,0
2023-02-03,1,102,25,50,0
2023-02-04,1,102,24,139,0
2023-02-05,1,102,33,127,0
2023-02-06,1,102,29,122,0
2023-02-07,1,102,29,170,0
2023-02-08,1,102,25,143,0
2023-02-09,1,102,35,75,1
2023-02-10,1,102,28,148,1
2023-02-11,1,102,44,63,1
2023-02-12,1,102,29,127,0
2023-02-13,1,102,27,63,0
2023-02-14,1,102,30,56,0
2023-02-15,1,102,28,87,1
2023-02-16,1,102,22,168,0
2023-02-17,1,102,24,88,0
2023-02-18,1,102,38,175,1
2023-02-19,1,102,31,62,0
2023-02-20,1,102,23,187,0
2023-02-21,1,102,22,195,0
2023-02-22,1,102,34,83,0
2023-02-23,1,102,34,162,0
2023-02-24,1,102,31,150,0
2023-02-25,1,102,31,108,1
2023-02-26,1,102,32,170,0
2023-02-27,1,102,20,70,0
2023-02-28,1,102,25,161,0
2023-03-01,1,102,35,104,1
2023-03-02,1,102,28,80,0
2023-03-03,1,102,27,55,0
2023-03-04,1,102,21,124,0
2023-03-05,1,102,23,167,0
2023-03-06,1,102,20,111,0
2023-03-07,1,102,28,185,0
2023-03-08,1,102,29,93,0
2023-03-09,1,102,24,167,0
2023-03-10,1,102,23,69,0
2023-03-11,1,102,20,50,0
2023-03-12,1,102,29,87,0
2023-03-13,1,102,24,149,0
2023-03-14,1,102,32,183,0
2023-03-15,1,102,21,54,0
2023-03-16,1,102,26,179,0
2023-03-17,1,102,32,133,0
2023-03-18,1,102,20,122,0
2023-03-19,1,102,20,192,0
2023-03-20,1,102,27,143,0
2023-03-21,1,102,40,127,1
2023-03-22,1,102,24,186,0
2023-03-23,1,102,21,84,0
2023-03-24,1,102,20,199,0
2023-03-25,1,102,43,60,1
2023-03-26,1,102,28,109,0
2023-03-27,1,102,42,54,1
2023-03-28,1,102,22,111,0
2023-03-29,1,102,23,91,0
2023-03-30,1,102,28,121,0
2023-03-31,1,102,26,81,0
2023-04-01,1,102,22,146,0
2023-04-02,1,102,26,194,0
2023-04-03,1,102,20,102,0
2023-04-04,1,102,27,88,0
2023-04-05,1,102,22,116,0
2023-04-06,1,102,26,91,0
2023-04-07,1,102,23,82,0
2023-04-08,1,102,23,87,0
2023-04-09,1,102,28,82,0
2023-04-10,1,102,33,115,0
2023-04-11,1,102,29,123,0
2023-04-12,1,102,20,190,0
2023-04-13,1,102,34,158,0
2023-04-14,1,102,27,64,0
2023-04-15,1,102,32,96,0
2023-04-16,1,102,23,179,0
2023-04-17,1,102,30,85,0
2023-04-18,1,102,29,118,0
2023-04-19,1,102,23,123,0
2023-04-20,1,102,27,72,0
2023-04-21,1,102,34,156,0
2023-04-22,1,102,43,160,1
2023-04-23,1,102,35,117,1
2023-04-24,1,102,36,176,1
2023-04-25,1,102,29,80,0
2023-04-26,1,102,29,100,0
2023-04-27,1,102,32,90,0
2023-04-28,1,102,30,95,1
2023-04-29,1,102,32,106,1
2023-04-30,1,102,31,164,1
2023-05-01,1,102,27,102,0
2023-05-02,1,102,28,106,0
2023-05-03,1,102,24,84,0
2023-05-04,1,102,34,139,0
2023-05-05,1,102,41,140,1
2023-05-06,1,102,20,157,0
2023-05-07,1,102,30,74,0
2023-05-08,1,102,26,137,0
2023-05-09,1,102,20,112,0
2023-05-10,1,102,30,163,0
2023-05-11,1,102,24,130,0
2023-05-12,1,102,23,197,0
2023-05-13,1,102,37,98,1
2023-05-14,1,102,26,190,0
2023-05-15,1,102,33,172,0
2023-05-16,1,102,32,79,1
2023-05-17,1,102,27,50,0
2023-05-18,1,102,33,162,0
2023-05-19,1,102,21,112,0
2023-05-20,1,102,23,104,0
2023-05-21,1,102,26,59,0
2023-05-22,1,102,35,173,1
2023-05-23,1,102,20,81,0
2023-05-24,1,102,33,114,1
2023-05-25,1,102,28,121,0
2023-05-26,1,102,25,116,0
2023-05-27,1,102,22,57,0
2023-05-28,1,102,33,127,1
2023-05-29,1,102,35,191,1
2023-05-30,1,102,34,56,0
2023-05-31,1,102,29,134,0
2023-06-01,1,102,22,196,0
2023-06-02,1,102,23,131,0
2023-06-03,1,102,30,197,1
2023-06-04,1,102,30,179,0
2023-06-05,1,102,22,189,0
2023-06-06,1,102,23,186,0
2023-06-07,1,102,28,135,1
2023-06-08,1,102,31,169,0
2023-06-09,1,102,35,163,1
2023-06-10,1,102,22,58,0
2023-06-11,1,102,27,74,0
2023-06-12,1,102,26,71,0
2023-06-13,1,102,30,78,0
2023-06-14,1,102,32,86,0
2023-06-15,1,102,39,91,1
2023-06-16,1,102,23,83,0
2023-06-17,1,102,20,171,0
2023-06-18,1,102,31,155,0
2023-06-19,1,102,25,106,0
2023-06-20,1,102,46,147,1
2023-06-21,1,102,31,102,0
2023-06-22,1,102,26,194,0
2023-06-23,1,102,29,171,0
2023-06-24,1,102,33,103,0
2023-06-25,1,102,30,85,0
2023-06-26,1,102,22,198,0
2023-06-27,1,102,30,162,0
2023-06-28,1,102,30,103,0
2023-06-29,1,102,21,199,0
2023-06-30,1,102,24,85,0
2023-07-01,1,102,34,130,0
2023-07-02,1,102,39,122,1
2023-07-03,1,102,28,178,0
2023-07-04,1,102,28,153,0
2023-07-05,1,102,29,84,0
2023-07-06,1,102,22,157,0
2023-07-07,1,102,41,147,1
2023-07-08,1,102,31,93,0
2023-07-09,1,102,35,123,1
2023-07-10,1,102,28,96,0
2023-07-11,1,102,31,132,0
2023-07-12,1,102,27,130,0
2023-07-13,1,102,26,74,0
2023-07-14,1,102,21,192,0
2023-07-15,1,102,44,96,1
2023-07-16,1,102,29,194,0
2023-07-17,1,102,26,135,0
2023-07-18,1,102,29,128,0
2023-07-19,1,102,24,164,0
2023-01-01,1,103,18,131,0
2023-01-02,1,103,42,195,1
2023-01-03,1,103,32,63,1
2023-01-04,1,103,31,157,0
2023-01-05,1,103,28,180,0
2023-01-06,1,103,21,157,0
2023-01-07,1,103,23,53,0
2023-01-08,1,103,29,190,0
2023-01-09,1,103,18,157,0
2023-01-10,1,103,30,83,0
2023-01-11,1,103,30,62,0
2023-01-12,1,103,29,145,0
2023-01-13,1,103,19,95,0
2023-01-14,1,103,20,111,0
2023-01-15,1,103,21,65,0
2023-01-16,1,103,24,170,0
2023-01-17,1,103,26,152,0
2023-01-18,1,103,20,52,0
2023-01-19,1,103,29,117,0
2023-01-20,1,103,18,122,0
2023-01-21,1,103,31,137,0
2023-01-22,1,103,20,86,0
2023-01-23,1,103,29,173,0
2023-01-24,1,103,34,60,1
2023-01-25,1,103,30,101,0
2023-01-26,1,103,20,197,0
2023-01-27,1,103,29,166,0
2023-01-28,1,103,19,123,0
2023-01-29,1,103,27,52,0
2023-01-30,1,103,24,54,0
2023-01-31,1,103,27,58,1
2023-02-01,1,103,19,110,0
2023-02-02,1,103,27,131,0
2023-02-03,1,103,37,62,1
2023-02-04,1,103,24,138,0
2023-02-05,1,103,34,147,1
2023-02-06,1,103,34,172,1
2023-02-07,1,103,28,125,0
2023-02-08,1,103,38,74,1
2023-02-09,1,103,21,173,0
2023-02-10,1,103,31,182,0
2023-02-11,1,103,26,86,0
2023-02-12,1,103,28,77,0
2023-02-13,1,103,27,89,1
2023-02-14,1,103,29,142,0
2023-02-15,1,103,31,89,1
2023-02-16,1,103,18,82,0
2023-02-17,1,103,22,129,0
2023-02-18,1,103,24,108,0
2023-02-19,1,103,27,62,0
2023-02-20,1,103,27,149,0
2023-02-21,1,103,31,56,0
2023-02-22,1,103,35,80,1
2023-02-23,1,103,23,156,0
2023-02-24,1,103,21,131,0
2023-02-25,1,103,20,126,0
2023-02-26,1,103,29,62,0
2023-02-27,1,103,30,66,0
2023-02-28,1,103,24,137,0
2023-03-01,1,103,29,119,0
2023-03-02,1,103,19,123,0
2023-03-03,1,103,34,71,1
2023-03-04,1,103,20,117,0
2023-03-05,1,103,27,61,0
2023-03-06,1,103,22,167,0
2023-03-07,1,103,17,169,0
2023-03-08,1,103,35,174,1
2023-03-09,1,103,28,188,0
2023-03-10,1,103,17,128,0
2023-03-11,1,103,19,75,0
2023-03-12,1,103,18,78,0
2023-03-13,1,103,20,190,0
2023-03-14,1,103,25,168,0
2023-03-15,1,103,29,165,0
2023-03-16,1,103,18,133,0
2023-03-17,1,103,22,130,0
2023-03-18,1,103,30,141,0
2023-03-19,1,103,38,133,1
2023-03-20,1,103,22,180,0
2023-03-21,1,103,27,173,0
2023-03-22,1,103,22,113,0
2023-03-23,1,103,17,61,0
2023-03-24,1,103,30,109,1
2023-03-25,1,103,30,142,0
2023-03-26,1,103,21,76,0
2023-03-27,1,103,30,180,0
2023-03-28,1,103,29,73,0
2023-03-29,1,103,36,95,1
2023-03-30,1,103,31,66,0
2023-03-31,1,103,30,58,0
2023-04-01,1,103,22,112,0
2023-04-02,1,103,22,166,0
2023-04-03,1,103,18,188,0
2023-04-04,1,103,29,70,0
2023-04-05,1,103,18,131,0
2023-04-06,1,103,40,81,1
2023-04-07,1,103,27,82,0
2023-04-08,1,103,28,185,0
2023-04-09,1,103,27,137,0
2023-04-10,1,103,25,170,0
2023-04-11,1,103,30,129,0
2023-04-12,1,103,22,197,0
2023-04-13,1,103,17,146,0
2023-04-14,1,103,18,126,0
2023-04-15,1,103,20,152,0
2023-04-16,1,103,32,171,1
2023-04-17,1,103,32,168,1
2023-04-18,1,103,28,110,0
2023-04-19,1,103,32,55,1
2023-04-20,1,103,25,90,0
2023-04-21,1,103,30,141,1
2023-04-22,1,103,30,160,0
2023-04-23,1,103,27,133,0
2023-04-24,1,103,20,71,0
2023-04-25,1,103,26,176,0
2023-04-26,1,103,25,63,0
2023-04-27,1,103,27,61,0
2023-04-28,1,103,23,74,0
2023-04-29,1,103,29,196,0
2023-04-30,1,103,23,185,0
2023-05-01,1,103,29,81,0
2023-05-02,1,103,19,195,0
2023-05-03,1,103,19,145,0
2023-05-04,1,103,31,84,1
2023-05-05,1,103,29,146,0
2023-05-06,1,103,23,143,0
2023-05-07,1,103,21,73,0
2023-05-08,1,103,20,157,0
2023-05-09,1,103,42,99,1
2023-05-10,1,103,17,154,0
2023-05-11,1,103,20,147,0
2023-05-12,1,103,26,55,1
2023-05-13,1,103,23,164,0
2023-05-14,1,103,33,67,1
2023-05-15,1,103,29,148,1
2023-05-16,1,103,26,136,0
2023-05-17,1,103,26,127,0
2023-05-18,1,103,18,118,0
2023-05-19,1,103,22,111,0
2023-05-20,1,103,34,133,1
2023-05-21,1,103,18,194,0
2023-05-22,1,103,27,77,0
2023-05-23,1,103,27,94,1
2023-05-24,1,103,23,188,0
2023-05-25,1,103,26,63,0
2023-05-26,1,103,26,125,0
2023-05-27,1,103,30,182,0
2023-05-28,1,103,20,50,0
2023-05-29,1,103,25,77,0
2023-05-30,1,103,25,98,0
2023-05-31,1,103,17,105,0
2023-06-01,1,103,38,157,1
2023-06-02,1,103,27,163,0
2023-06-03,1,103,30,86,0
2023-06-04,1,103,20,50,0
2023-06-05,1,103,23,108,0
2023-06-06,1,103,21,61,0
2023-06-07,1,103,26,92,0
2023-06-08,1,103,36,78,1
2023-06-09,1,103,25,87,0
2023-06-10,1,103,20,175,0
2023-06-11,1,103,29,173,0
2023-06-12,1,103,23,134,0
2023-06-13,1,103,17,145,0
2023-06-14,1,103,32,83,1
2023-06-15,1,103,31,163,1
2023-06-16,1,103,18,185,0
2023-06-17,1,103,31,125,0
2023-06-18,1,103,35,82,1
2023-06-19,1,103,17,191,0
2023-06-20,1,103,21,154,0
2023-06-21,1,103,26,112,0
2023-06-22,1,103,38,62,1
2023-06-23,1,103,25,117,0
2023-06-24,1,103,18,181,0
2023-06-25,1,103,22,131,0
2023-06-26,1,103,29,132,0
2023-06-27,1,103,41,103,1
2023-06-28,1,103,23,192,0
2023-06-29,1,103,17,192,0
2023-06-30,1,103,21,142,0
2023-07-01,1,103,25,84,0
2023-07-02,1,103,28,60,0
2023-07-03,1,103,19,123,0
2023-07-04,1,103,18,52,0
2023-07-05,1,103,27,166,1
2023-07-06,1,103,29,61,0
2023-07-07,1,103,21,86,0
2023-07-08,1,103,31,64,0
2023-07-09,1,103,27,119,0
2023-07-10,1,103,30,172,0
2023-07-11,1,103,27,156,0
2023-07-12,1,103,32,173,1
2023-07-13,1,103,31,100,0
2023-07-14,1,103,31,190,0
2023-07-15,1,103,22,127,0
2023-07-16,1,103,29,166,0
2023-07-17,1,103,20,84,0
2023-07-18,1,103,24,195,0
2023-07-19,1,103,18,181,0
2023-01-01,1,104,27,56,0
2023-01-02,1,104,44,190,1
2023-01-03,1,104,33,105,0
2023-01-04,1,104,19,91,0
2023-01-05,1,104,34,167,1
2023-01-06,1,104,37,155,1
2023-01-07,1,104,44,199,1
2023-01-08,1,104,24,186,0
2023-01-09,1,104,28,59,0
2023-01-10,1,104,26,174,0
2023-01-11,1,104,33,140,1
2023-01-12,1,104,23,68,0
2023-01-13,1,104,22,138,0
2023-01-14,1,104,20,118,0
2023-01-15,1,104,33,157,0
2023-01-16,1,104,20,198,0
2023-01-17,1,104,19,86,0
2023-01-18,1,104,33,60,0
2023-01-19,1,104,28,126,0
2023-01-20,1,104,31,51,0
2023-01-21,1,104,21,195,0
2023-01-22,1,104,21,174,0
2023-01-23,1,104,25,73,0
2023-01-24,1,104,38,151,1
2023-01-25,1,104,36,146,1
2023-01-26,1,104,22,185,0
2023-01-27,1,104,19,62,0
2023-01-28,1,104,28,76,1
2023-01-29,1,104,23,99,0
2023-01-30,1,104,21,174,0
2023-01-31,1,104,28,119,0
2023-02-01,1,104,26,151,1
2023-02-02,1,104,30,79,1
2023-02-03,1,104,22,93,0
2023-02-04,1,104,41,104,1
2023-02-05,1,104,28,170,0
2023-02-06,1,104,25,194,0
2023-02-07,1,104,37,193,1
2023-02-08,1,104,32,141,0
2023-02-09,1,104,21,54,0
2023-02-10,1,104,27,170,1
2023-02-11,1,104,32,199,0
2023-02-12,1,104,20,81,0
2023-02-13,1,104,19,87,0
2023-02-14,1,104,22,191,0
2023-02-15,1,104,22,163,0
2023-02-16,1,104,31,134,0
2023-02-17,1,104,33,124,1
2023-02-18,1,104,21,104,0
2023-02-19,1,104,34,109,1
2023-02-20,1,104,23,61,0
2023-02-21,1,104,33,131,0
2023-02-22,1,104,31,183,0
2023-02-23,1,104,21,63,0
2023-02-24,1,104,27,115,0
2023-02-25,1,104,29,69,0
2023-02-26,1,104,20,74,0
2023-02-27,1,104,20,103,0
2023-02-28,1,104,24,159,1
2023-03-01,1,104,32,180,1
2023-03-02,1,104,21,74,0
2023-03-03,1,104,31,185,0
2023-03-04,1,104,23,74,0
2023-03-05,1,104,41,195,1
2023-03-06,1,104,31,183,0
2023-03-07,1,104,31,179,0
2023-03-08,1,104,30,80,0
2023-03-09,1,104,21,59,0
2023-03-10,1,104,27,60,0
2023-03-11,1,104,20,105,0
2023-03-12,1,104,40,186,1
2023-03-13,1,104,21,164,0
2023-03-14,1,104,25,146,0
2023-03-15,1,104,22,89,0
2023-03-16,1,104,19,173,0
2023-03-17,1,104,22,173,0
2023-03-18,1,104,24,112,0
2023-03-19,1,104,30,56,1
2023-03-20,1,104,29,63,0
2023-03-21,1,104,25,135,0
2023-03-22,1,104,23,179,0
2023-03-23,1,104,32,128,0
2023-03-24,1,104,23,107,0
2023-03-25,1,104,26,114,0
2023-03-26,1,104,31,131,0
2023-03-27,1,104,31,188,1
2023-03-28,1,104,33,166,0
2023-03-29,1,104,28,83,0
2023-03-30,1,104,22,131,0
2023-03-31,1,104,34,91,1
2023-04-01,1,104,28,154,1
2023-04-02,1,104,19,178,0
2023-04-03,1,104,20,78,0
2023-04-04,1,104,33,70,1
2023-04-05,1,104,30,83,0
2023-04-06,1,104,38,128,1
2023-04-07,1,104,19,137,0
2023-04-08,1,104,31,136,0
2023-04-09,1,104,23,136,0
2023-04-10,1,104,29,66,0
2023-04-11,1,104,23,107,0
2023-04-12,1,104,33,188,0
2023-04-13,1,104,22,184,0
2023-04-14,1,104,21,54,0
2023-04-15,1,104,23,145,0
2023-04-16,1,104,26,87,0
2023-04-17,1,104,33,130,0
2023-04-18,1,104,33,153,0
2023-04-19,1,104,33,98,1
2023-04-20,1,104,22,127,0
2023-04-21,1,104,27,171,0
2023-04-22,1,104,25,163,0
2023-04-23,1,104,28,189,0
2023-04-24,1,104,39,62,1
2023-04-25,1,104,29,60,1
2023-04-26,1,104,28,195,0
2023-04-27,1,104,25,108,0
2023-04-28,1,104,32,163,0
2023-04-29,1,104,24,81,0
2023-04-30,1,104,33,198,1
2023-05-01,1,104,21,168,0
2023-05-02,1,104,38,67,1
2023-05-03,1,104,23,198,0
2023-05-04,1,104,44,184,1
2023-05-05,1,104,25,135,0
2023-05-06,1,104,34,141,1
2023-05-07,1,104,31,51,0
2023-05-08,1,104,31,76,0
2023-05-09,1,104,20,137,0
2023-05-10,1,104,30,146,0
2023-05-11,1,104,26,167,0
2023-05-12,1,104,21,79,0
2023-05-13,1,104,25,74,0
2023-05-14,1,104,23,155,0
2023-05-15,1,104,28,178,0
2023-05-16,1,104,30,181,0
2023-05-17,1,104,26,113,0
2023-05-18,1,104,28,59,0
2023-05-19,1,104,23,115,0
2023-05-20,1,104,27,186,0
2023-05-21,1,104,22,139,0
2023-05-22,1,104,28,63,0
2023-05-23,1,104,40,69,1
2023-05-24,1,104,29,119,0
2023-05-25,1,104,26,181,0
2023-05-26,1,104,33,69,0
2023-05-27,1,104,35,86,1
2023-05-28,1,104,24,152,0
2023-05-29,1,104,23,53,0
2023-05-30,1,104,30,69,0
2023-05-31,1,104,19,53,0
2023-06-01,1,104,31,129,0
2023-06-02,1,104,28,181,0
2023-06-03,1,104,26,131,0
2023-06-04,1,104,21,109,0
2023-06-05,1,104,21,159,0
2023-06-06,1,104,21,158,0
2023-06-07,1,104,30,166,0
2023-06-08,1,104,40,143,1
2023-06-09,1,104,25,195,0
2023-06-10,1,104,33,96,0
2023-06-11,1,104,29,167,0
2023-06-12,1,104,31,53,0
2023-06-13,1,104,22,192,0
2023-06-14,1,104,35,186,1
2023-06-15,1,104,28,110,0
2023-06-16,1,104,28,156,0
2023-06-17,1,104,19,167,0
2023-06-18,1,104,31,158,0
2023-06-19,1,104,35,84,1
2023-06-20,1,104,32,118,0
2023-06-21,1,104,31,98,0
2023-06-22,1,104,23,54,0
2023-06-23,1,104,22,53,0
2023-06-24,1,104,32,178,0
2023-06-25,1,104,26,119,0
2023-06-26,1,104,27,109,0
2023-06-27,1,104,30,80,0
2023-06-28,1,104,22,85,0
2023-06-29,1,104,23,157,0
2023-06-30,1,104,28,184,0
2023-07-01,1,104,21,63,0
2023-07-02,1,104,36,155,1
2023-07-03,1,104,27,93,0
2023-07-04,1,104,27,156,0
2023-07-05,1,104,22,156,0
2023-07-06,1,104,27,56,0
2023-07-07,1,104,30,197,1
2023-07-08,1,104,26,198,0
2023-07-09,1,104,40,177,1
2023-07-10,1,104,32,107,0
2023-07-11,1,104,23,180,0
2023-07-12,1,104,25,98,0
2023-07-13,1,104,21,134,0
2023-07-14,1,104,30,166,0
2023-07-15,1,104,22,120,0
2023-07-16,1,104,24,130,0
2023-07-17,1,104,26,147,0
2023-07-18,1,104,30,135,0
2023-07-19,1,104,19,147,0
2023-01-01,1,105,19,51,0
2023-01-02,1,105,21,123,1
2023-01-03,1,105,18,174,1
2023-01-04,1,105,16,137,0
2023-01-05,1,105,24,108,0
2023-01-06,1,105,26,112,1
2023-01-07,1,105,10,184,0
2023-01-08,1,105,14,176,0
2023-01-09,1,105,13,192,0
2023-01-10,1,105,17,128,0
2023-01-11,1,105,15,63,0
2023-01-12,1,105,32,107,1
2023-01-13,1,105,21,115,0
2023-01-14,1,105,18,180,0
2023-01-15,1,105,17,91,0
2023-01-16,1,105,13,72,0
2023-01-17,1,105,18,196,0
2023-01-18,1,105,26,61,1
2023-01-19,1,105,19,90,0
2023-01-20,1,105,13,121,0
2023-01-21,1,105,16,192,0
2023-01-22,1,105,23,91,0
2023-01-23,1,105,21,61,0
2023-01-24,1,105,11,180,0
2023-01-25,1,105,28,156,1
2023-01-26,1,105,17,178,0
2023-01-27,1,105,16,150,0
2023-01-28,1,105,30,53,1
2023-01-29,1,105,23,68,0
2023-01-30,1,105,29,65,1
2023-01-31,1,105,10,168,0
2023-02-01,1,105,14,62,0
2023-02-02,1,105,11,151,0
2023-02-03,1,105,19,177,0
2023-02-04,1,105,20,180,0
2023-02-05,1,105,10,197,0
2023-02-06,1,105,11,182,0
2023-02-07,1,105,12,58,0
2023-02-08,1,105,23,109,1
2023-02-09,1,105,27,157,1
2023-02-10,1,105,21,180,0
2023-02-11,1,105,21,70,0
2023-02-12,1,105,26,83,1
2023-02-13,1,105,18,131,0
2023-02-14,1,105,19,72,0
2023-02-15,1,105,15,157,0
2023-02-16,1,105,27,82,1
2023-02-17,1,105,13,115,0
2023-02-18,1,105,12,96,0
2023-02-19,1,105,16,197,0
2023-02-20,1,105,32,136,1
2023-02-21,1,105,24,96,0
2023-02-22,1,105,15,70,0
2023-02-23,1,105,12,95,0
2023-02-24,1,105,18,88,1
2023-02-25,1,105,18,126,0
2023-02-26,1,105,24,183,0
2023-02-27,1,105,20,140,0
2023-02-28,1,105,11,87,0
2023-03-01,1,105,35,84,1
2023-03-02,1,105,20,162,1
2023-03-03,1,105,18,63,0
2023-03-04,1,105,29,132,1
2023-03-05,1,105,37,68,1
2023-03-06,1,105,29,112,1
2023-03-07,1,105,18,168,0
2023-03-08,1,105,18,191,0
2023-03-09,1,105,17,110,0
2023-03-10,1,105,13,79,0
2023-03-11,1,105,18,169,0
2023-03-12,1,105,13,102,0
2023-03-13,1,105,12,127,0
2023-03-14,1,105,23,117,0
2023-03-15,1,105,34,174,1
2023-03-16,1,105,23,169,0
2023-03-17,1,105,24,65,0
2023-03-18,1,105,29,60,1
2023-03-19,1,105,32,118,1
2023-03-20,1,105,13,186,0
2023-03-21,1,105,19,114,1
2023-03-22,1,105,17,125,0
2023-03-23,1,105,15,96,0
2023-03-24,1,105,24,75,0
2023-03-25,1,105,13,70,0
2023-03-26,1,105,12,181,0
2023-03-27,1,105,16,77,0
2023-03-28,1,105,13,116,0
2023-03-29,1,105,15,140,0
2023-03-30,1,105,28,136,1
2023-03-31,1,105,15,194,0
2023-04-01,1,105,22,76,0
2023-04-02,1,105,17,155,0
2023-04-03,1,105,10,158,0
2023-04-04,1,105,10,191,0
2023-04-05,1,105,12,133,0
2023-04-06,1,105,17,98,0
2023-04-07,1,105,23,185,0
2023-04-08,1,105,25,139,1
2023-04-09,1,105,21,111,1
2023-04-10,1,105,19,175,0
2023-04-11,1,105,18,86,0
2023-04-12,1,105,10,137,0
2023-04-13,1,105,14,90,0
2023-04-14,1,105,16,60,0
2023-04-15,1,105,28,157,1
2023-04-16,1,105,12,158,0
2023-04-17,1,105,21,94,0
2023-04-18,1,105,33,57,1
2023-04-19,1,105,18,136,0
2023-04-20,1,105,23,133,0
2023-04-21,1,105,11,117,0
2023-04-22,1,105,31,131,1
2023-04-23,1,105,14,133,0
2023-04-24,1,105,10,171,0
2023-04-25,1,105,12,51,0
2023-04-26,1,105,24,100,0
2023-04-27,1,105,20,191,0
2023-04-28,1,105,11,170,0
2023-04-29,1,105,24,166,1
2023-04-30,1,105,11,180,0
2023-05-01,1,105,23,130,0
2023-05-02,1,105,18,114,0
2023-05-03,1,105,16,150,0
2023-05-04,1,105,27,72,1
2023-05-05,1,105,17,77,0
2023-05-06,1,105,14,195,0
2023-05-07,1,105,13,168,0
2023-05-08,1,105,18,171,0
2023-05-09,1,105,23,147,0
2023-05-10,1,105,12,128,0
2023-05-11,1,105,18,153,0
2023-05-12,1,105,20,106,0
2023-05-13,1,105,15,83,0
2023-05-14,1,105,17,56,0
2023-05-15,1,105,13,114,0
2023-05-16,1,105,17,195,1
2023-05-17,1,105,21,175,0
2023-05-18,1,105,20,87,0
2023-05-19,1,105,14,165,0
2023-05-20,1,105,22,80,1
2023-05-21,1,105,13,118,0
2023-05-22,1,105,23,116,0
2023-05-23,1,105,20,156,0
2023-05-24,1,105,20,99,0
2023-05-25,1,105,15,192,0
2023-05-26,1,105,14,171,0
2023-05-27,1,105,22,173,0
2023-05-28,1,105,14,183,0
2023-05-29,1,105,26,162,1
2023-05-30,1,105,22,175,0
2023-05-31,1,105,13,71,0
2023-06-01,1,105,26,98,1
2023-06-02,1,105,22,135,0
2023-06-03,1,105,21,180,1
2023-06-04,1,105,26,134,1
2023-06-05,1,105,23,70,0
2023-06-06,1,105,29,178,1
2023-06-07,1,105,21,174,0
2023-06-08,1,105,12,147,0
2023-06-09,1,105,20,66,0
2023-06-10,1,105,24,68,1
2023-06-11,1,105,14,57,0
2023-06-12,1,105,30,167,1
2023-06-13,1,105,12,140,0
2023-06-14,1,105,14,103,0
2023-06-15,1,105,22,198,0
2023-06-16,1,105,15,54,0
2023-06-17,1,105,10,95,0
2023-06-18,1,105,24,164,1
2023-06-19,1,105,12,157,0
2023-06-20,1,105,21,119,0
2023-06-21,1,105,24,151,0
2023-06-22,1,105,20,192,0
2023-06-23,1,105,20,131,0
2023-06-24,1,105,29,184,1
2023-06-25,1,105,22,122,0
2023-06-26,1,105,22,130,1
2023-06-27,1,105,10,121,0
2023-06-28,1,105,12,116,0
2023-06-29,1,105,20,80,0
2023-06-30,1,105,16,71,0
2023-07-01,1,105,22,116,0
2023-07-02,1,105,15,113,0
2023-07-03,1,105,23,84,0
2023-07-04,1,105,17,96,0
2023-07-05,1,105,24,75,1
2023-07-06,1,105,10,79,0
2023-07-07,1,105,16,85,0
2023-07-08,1,105,18,192,0
2023-07-09,1,105,14,185,0
2023-07-10,1,105,27,176,1
2023-07-11,1,105,16,153,1
2023-07-12,1,105,16,177,0
2023-07-13,1,105,13,151,0
2023-07-14,1,105,20,52,0
2023-07-15,1,105,29,94,1
2023-07-16,1,105,22,151,0
2023-07-17,1,105,11,168,0
2023-07-18,1,105,11,193,0
2023-07-19,1,105,15,62,0
2023-01-01,2,101,31,83,0
2023-01-02,2,101,23,169,0
2023-01-03,2,101,30,167,0
2023-01-04,2,101,29,88,0
2023-01-05,2,101,17,62,0
2023-01-06,2,101,21,68,0
2023-01-07,2,101,25,80,0
2023-01-08,2,101,17,81,0
2023-01-09,2,101,30,103,0
2023-01-10,2,101,20,163,0
2023-01-11,2,101,30,159,0
2023-01-12,2,101,20,128,0
2023-01-13,2,101,22,53,0
2023-01-14,2,101,41,61,1
2023-01-15,2,101,23,83,0
2023-01-16,2,101,31,98,1
2023-01-17,2,101,31,142,0
2023-01-18,2,101,26,87,0
2023-01-19,2,101,17,99,0
2023-01-20,2,101,24,118,0
2023-01-21,2,101,28,188,0
2023-01-22,2,101,25,196,0
2023-01-23,2,101,33,149,1
2023-01-24,2,101,25,161,1
2023-01-25,2,101,33,194,1
2023-01-26,2,101,26,109,0
2023-01-27,2,101,38,187,1
2023-01-28,2,101,31,198,0
2023-01-29,2,101,27,73,0
2023-01-30,2,101,28,74,0
2023-01-31,2,101,30,133,0
2023-02-01,2,101,19,86,0
2023-02-02,2,101,26,97,0
2023-02-03,2,101,23,90,0
2023-02-04,2,101,19,195,0
2023-02-05,2,101,30,154,0
2023-02-06,2,101,34,190,1
2023-02-07,2,101,33,122,1
2023-02-08,2,101,22,149,0
2023-02-09,2,101,29,186,0
2023-02-10,2,101,32,67,1
2023-02-11,2,101,19,198,0
2023-02-12,2,101,28,114,0
2023-02-13,2,101,20,62,0
2023-02-14,2,101,35,187,1
2023-02-15,2,101,21,102,0
2023-02-16,2,101,26,151,0
2023-02-17,2,101,29,149,1
2023-02-18,2,101,30,180,0
2023-02-19,2,101,31,61,0
2023-02-20,2,101,22,78,0
2023-02-21,2,101,41,139,1
2023-02-22,2,101,22,168,0
2023-02-23,2,101,28,153,0
2023-02-24,2,101,38,183,1
2023-02-25,2,101,23,82,0
2023-02-26,2,101,23,106,0
2023-02-27,2,101,30,92,0
2023-02-28,2,101,21,184,0
2023-03-01,2,101,33,124,1
2023-03-02,2,101,24,94,0
2023-03-03,2,101,22,153,0
2023-03-04,2,101,19,147,0
2023-03-05,2,101,18,128,0
2023-03-06,2,101,28,53,0
2023-03-07,2,101,37,182,1
2023-03-08,2,101,30,124,1
2023-03-09,2,101,31,71,0
2023-03-10,2,101,25,139,0
2023-03-11,2,101,28,75,0
2023-03-12,2,101,25,94,0
2023-03-13,2,101,19,153,0
2023-03-14,2,101,20,114,0
2023-03-15,2,101,27,106,1
2023-03-16,2,101,31,75,0
2023-03-17,2,101,25,101,1
2023-03-18,2,101,25,103,0
2023-03-19,2,101,23,64,1
2023-03-20,2,101,38,183,1
2023-03-21,2,101,28,127,1
2023-03-22,2,101,26,52,0
2023-03-23,2,101,42,157,1
2023-03-24,2,101,17,124,0
2023-03-25,2,101,29,144,0
2023-03-26,2,101,28,65,0
2023-03-27,2,101,32,113,1
2023-03-28,2,101,40,125,1
2023-03-29,2,101,27,67,0
2023-03-30,2,101,19,151,0
2023-03-31,2,101,22,183,0
2023-04-01,2,101,26,66,1
2023-04-02,2,101,27,129,0
2023-04-03,2,101,30,190,1
2023-04-04,2,101,26,145,0
2023-04-05,2,101,20,114,0
2023-04-06,2,101,27,133,0
2023-04-07,2,101,24,142,0
2023-04-08,2,101,22,123,0
2023-04-09,2,101,20,153,0
2023-04-10,2,101,18,140,0
2023-04-11,2,101,22,170,0
2023-04-12,2,101,29,190,0
2023-04-13,2,101,29,58,0
2023-04-14,2,101,22,83,0
2023-04-15,2,101,19,138,0
2023-04-16,2,101,29,116,0
2023-04-17,2,101,20,143,0
2023-04-18,2,101,19,152,0
2023-04-19,2,101,27,66,0
2023-04-20,2,101,26,140,1
2023-04-21,2,101,18,163,0
2023-04-22,2,101,17,158,0
2023-04-23,2,101,20,59,0
2023-04-24,2,101,27,154,0
2023-04-25,2,101,21,194,0
2023-04-26,2,101,35,117,1
2023-04-27,2,101,21,105,0
2023-04-28,2,101,19,125,0
2023-04-29,2,101,37,96,1
2023-04-30,2,101,35,182,1
2023-05-01,2,101,21,72,0
2023-05-02,2,101,32,165,1
2023-05-03,2,101,29,90,0
2023-05-04,2,101,19,95,0
2023-05-05,2,101,28,117,0
2023-05-06,2,101,35,178,1
2023-05-07,2,101,19,76,0
2023-05-08,2,101,24,73,0
2023-05-09,2,101,24,116,0
2023-05-10,2,101,29,165,1
2023-05-11,2,101,32,111,1
2023-05-12,2,101,25,103,0
2023-05-13,2,101,22,187,0
2023-05-14,2,101,24,134,0
2023-05-15,2,101,29,177,0
2023-05-16,2,101,19,125,0
2023-05-17,2,101,22,190,0
2023-05-18,2,101,23,79,0
2023-05-19,2,101,37,175,1
2023-05-20,2,101,35,88,1
2023-05-21,2,101,24,103,0
2023-05-22,2,101,21,65,0
2023-05-23,2,101,27,81,0
2023-05-24,2,101,27,58,0
2023-05-25,2,101,31,66,1
2023-05-26,2,101,33,172,1
2023-05-27,2,101,21,114,0
2023-05-28,2,101,31,85,0
2023-05-29,2,101,29,153,1
2023-05-30,2,101,31,172,0
2023-05-31,2,101,33,171,1
2023-06-01,2,101,36,130,1
2023-06-02,2,101,31,190,1
2023-06-03,2,101,22,101,0
2023-06-04,2,101,26,125,1
2023-06-05,2,101,31,114,0
2023-06-06,2,101,17,64,0
2023-06-07,2,101,20,177,0
2023-06-08,2,101,20,132,0
2023-06-09,2,101,39,127,1
2023-06-10,2,101,26,181,0
2023-06-11,2,101,24,132,0
2023-06-12,2,101,22,132,0
2023-06-13,2,101,21,76,0
2023-06-14,2,101,22,113,0
2023-06-15,2,101,30,129,0
2023-06-16,2,101,40,197,1
2023-06-17,2,101,31,51,0
2023-06-18,2,101,37,121,1
2023-06-19,2,101,23,168,0
2023-06-20,2,101,30,132,1
2023-06-21,2,101,19,121,0
2023-06-22,2,101,28,61,0
2023-06-23,2,101,30,182,0
2023-06-24,2,101,27,183,0
2023-06-25,2,101,17,127,0
2023-06-26,2,101,21,108,0
2023-06-27,2,101,17,161,0
2023-06-28,2,101,25,172,0
2023-06-29,2,101,18,82,0
2023-06-30,2,101,29,184,0
2023-07-01,2,101,31,196,0
2023-07-02,2,101,22,197,0
2023-07-03,2,101,29,112,0
2023-07-04,2,101,38,111,1
2023-07-05,2,101,35,55,1
2023-07-06,2,101,26,111,0
2023-07-07,2,101,25,120,0
2023-07-08,2,101,27,147,0
2023-07-09,2,101,25,51,0
2023-07-10,2,101,28,71,0
2023-07-11,2,101,26,88,0
2023-07-12,2,101,27,69,0
2023-07-13,2,101,27,197,0
2023-07-14,2,101,28,160,0
2023-07-15,2,101,18,83,0
2023-07-16,2,101,36,122,1
2023-07-17,2,101,17,119,0
2023-07-18,2,101,25,108,0
2023-07-19,2,101,28,114,0
2023-01-01,2,102,21,102,0
2023-01-02,2,102,26,97,0
2023-01-03,2,102,16,71,0
2023-01-04,2,102,15,74,0
2023-01-05,2,102,24,162,0
2023-01-06,2,102,24,98,0
2023-01-07,2,102,20,178,0
2023-01-08,2,102,21,95,0
2023-01-09,2,102,21,55,0
2023-01-10,2,102,17,163,0
2023-01-11,2,102,22,134,0
2023-01-12,2,102,34,142,1
2023-01-13,2,102,22,196,0
2023-01-14,2,102,19,92,0
2023-01-15,2,102,20,88,0
2023-01-16,2,102,20,96,1
2023-01-17,2,102,26,159,0
2023-01-18,2,102,16,83,0
2023-01-19,2,102,19,111,0
2023-01-20,2,102,21,65,0
2023-01-21,2,102,13,187,0
2023-01-22,2,102,20,112,1
2023-01-23,2,102,24,180,0
2023-01-24,2,102,21,169,0
2023-01-25,2,102,22,122,0
2023-01-26,2,102,24,138,0
2023-01-27,2,102,18,77,0
2023-01-28,2,102,25,131,1
2023-01-29,2,102,19,51,0
2023-01-30,2,102,34,163,1
2023-01-31,2,102,23,128,0
2023-02-01,2,102,23,112,0
2023-02-02,2,102,17,53,0
2023-02-03,2,102,17,110,0
2023-02-04,2,102,22,117,0
2023-02-05,2,102,23,104,0
2023-02-06,2,102,14,170,0
2023-02-07,2,102,21,182,1
2023-02-08,2,102,12,70,0
2023-02-09,2,102,21,132,1
2023-02-10,2,102,19,189,1
2023-02-11,2,102,23,72,0
2023-02-12,2,102,20,112,0
2023-02-13,2,102,34,104,1
2023-02-14,2,102,34,85,1
2023-02-15,2,102,25,155,0
2023-02-16,2,102,26,162,1
2023-02-17,2,102,26,158,1
2023-02-18,2,102,14,167,0
2023-02-19,2,102,16,125,0
2023-02-20,2,102,18,106,0
2023-02-21,2,102,26,78,0
2023-02-22,2,102,26,190,0
2023-02-23,2,102,25,161,0
2023-02-24,2,102,18,153,0
2023-02-25,2,102,16,183,0
2023-02-26,2,102,23,199,0
2023-02-27,2,102,17,175,0
2023-02-28,2,102,22,171,0
2023-03-01,2,102,21,164,0
2023-03-02,2,102,15,77,0
2023-03-03,2,102,22,96,0
2023-03-04,2,102,17,167,0
2023-03-05,2,102,26,121,0
2023-03-06,2,102,22,82,0
2023-03-07,2,102,32,123,1
2023-03-08,2,102,19,147,0
2023-03-09,2,102,14,178,0
2023-03-10,2,102,13,97,0
2023-03-11,2,102,12,110,0
2023-03-12,2,102,24,137,0
2023-03-13,2,102,21,62,0
2023-03-14,2,102,16,56,0
2023-03-15,2,102,21,102,0
2023-03-16,2,102,12,66,0
2023-03-17,2,102,22,180,0
2023-03-18,2,102,40,173,1
2023-03-19,2,102,20,122,0
2023-03-20,2,102,19,142,0
2023-03-21,2,102,33,157,1
2023-03-22,2,102,14,132,0
2023-03-23,2,102,21,188,1
2023-03-24,2,102,16,106,0
2023-03-25,2,102,19,177,0
2023-03-26,2,102,13,71,0
2023-03-27,2,102,17,153,0
2023-03-28,2,102,23,106,1
2023-03-29,2,102,12,115,0
2023-03-30,2,102,32,172,1
2023-03-31,2,102,21,132,0
2023-04-01,2,102,14,113,0
2023-04-02,2,102,19,111,0
2023-04-03,2,102,15,165,0
2023-04-04,2,102,22,156,0
2023-04-05,2,102,22,179,0
2023-04-06,2,102,38,141,1
2023-04-07,2,102,38,97,1
2023-04-08,2,102,20,107,0
2023-04-09,2,102,16,111,0
2023-04-10,2,102,18,148,0
2023-04-11,2,102,16,93,0
2023-04-12,2,102,24,141,0
2023-04-13,2,102,20,183,0
2023-04-14,2,102,24,193,0
2023-04-15,2,102,18,70,0
2023-04-16,2,102,30,111,1
2023-04-17,2,102,21,62,0
2023-04-18,2,102,22,57,0
2023-04-19,2,102,19,89,0
2023-04-20,2,102,24,143,0
2023-04-21,2,102,30,51,1
2023-04-22,2,102,13,139,0
2023-04-23,2,102,18,162,0
2023-04-24,2,102,25,110,0
2023-04-25,2,102,12,198,0
2023-04-26,2,102,21,149,0
2023-04-27,2,102,18,181,0
2023-04-28,2,102,30,133,1
2023-04-29,2,102,21,77,0
2023-04-30,2,102,19,112,0
2023-05-01,2,102,17,198,0
2023-05-02,2,102,26,95,1
2023-05-03,2,102,13,105,0
2023-05-04,2,102,37,153,1
2023-05-05,2,102,30,57,1
2023-05-06,2,102,32,76,1
2023-05-07,2,102,29,158,1
2023-05-08,2,102,22,192,0
2023-05-09,2,102,24,84,0
2023-05-10,2,102,24,97,1
2023-05-11,2,102,16,163,0
2023-05-12,2,102,12,148,0
2023-05-13,2,102,14,134,0
2023-05-14,2,102,24,74,0
2023-05-15,2,102,22,123,1
2023-05-16,2,102,24,69,0
2023-05-17,2,102,20,77,1
2023-05-18,2,102,16,182,0
2023-05-19,2,102,14,99,0
2023-05-20,2,102,29,63,1
2023-05-21,2,102,28,104,1
2023-05-22,2,102,17,124,0
2023-05-23,2,102,16,136,0
2023-05-24,2,102,20,138,0
2023-05-25,2,102,20,199,0
2023-05-26,2,102,14,120,0
2023-05-27,2,102,15,153,0
2023-05-28,2,102,23,142,0
2023-05-29,2,102,25,197,0
2023-05-30,2,102,13,168,0
2023-05-31,2,102,22,61,0
2023-06-01,2,102,29,180,1
2023-06-02,2,102,23,143,0
2023-06-03,2,102,24,86,0
2023-06-04,2,102,12,85,0
2023-06-05,2,102,17,157,0
2023-06-06,2,102,19,197,0
2023-06-07,2,102,19,177,0
2023-06-08,2,102,26,94,1
2023-06-09,2,102,31,137,1
2023-06-10,2,102,26,86,0
2023-06-11,2,102,21,168,0
2023-06-12,2,102,20,144,0
2023-06-13,2,102,16,69,0
2023-06-14,2,102,23,168,0
2023-06-15,2,102,37,143,1
2023-06-16,2,102,24,60,0
2023-06-17,2,102,13,157,0
2023-06-18,2,102,21,69,0
2023-06-19,2,102,13,187,0
2023-06-20,2,102,15,133,0
2023-06-21,2,102,27,89,1
2023-06-22,2,102,19,105,0
2023-06-23,2,102,18,159,0
2023-06-24,2,102,19,105,0
2023-06-25,2,102,28,174,1
2023-06-26,2,102,24,150,0
2023-06-27,2,102,27,176,1
2023-06-28,2,102,19,71,0
2023-06-29,2,102,22,59,1
2023-06-30,2,102,19,148,0
2023-07-01,2,102,23,136,0
2023-07-02,2,102,12,106,0
2023-07-03,2,102,18,58,0
2023-07-04,2,102,17,67,0
2023-07-05,2,102,19,192,1
2023-07-06,2,102,21,112,0
2023-07-07,2,102,23,81,1
2023-07-08,2,102,34,131,1
2023-07-09,2,102,24,125,0
2023-07-10,2,102,23,120,0
2023-07-11,2,102,26,193,1
2023-07-12,2,102,18,138,0
2023-07-13,2,102,30,183,1
2023-07-14,2,102,14,139,0
2023-07-15,2,102,25,181,0
2023-07-16,2,102,23,74,0
2023-07-17,2,102,24,169,0
2023-07-18,2,102,23,180,0
2023-07-19,2,102,24,199,0
2023-01-01,2,103,39,111,1
2023-01-02,2,103,30,81,0
2023-01-03,2,103,29,108,1
2023-01-04,2,103,36,118,0
2023-01-05,2,103,48,80,1
2023-01-06,2,103,35,133,0
2023-01-07,2,103,28,181,0
2023-01-08,2,103,34,163,0
2023-01-09,2,103,22,130,0
2023-01-10,2,103,27,178,0
2023-01-11,2,103,36,107,0
2023-01-12,2,103,40,121,1
2023-01-13,2,103,40,65,1
2023-01-14,2,103,28,194,0
2023-01-15,2,103,41,143,1
2023-01-16,2,103,23,143,0
2023-01-17,2,103,26,130,0
2023-01-18,2,103,29,192,0
2023-01-19,2,103,30,157,0
2023-01-20,2,103,36,177,0
2023-01-21,2,103,25,106,0
2023-01-22,2,103,30,93,1
2023-01-23,2,103,24,58,0
2023-01-24,2,103,36,185,0
2023-01-25,2,103,34,156,1
2023-01-26,2,103,29,164,0
2023-01-27,2,103,32,144,0
2023-01-28,2,103,22,134,0
2023-01-29,2,103,39,135,1
2023-01-30,2,103,23,103,0
2023-01-31,2,103,29,164,0
2023-02-01,2,103,32,198,0
2023-02-02,2,103,24,153,0
2023-02-03,2,103,24,66,0
2023-02-04,2,103,27,77,0
2023-02-05,2,103,23,86,0
2023-02-06,2,103,24,92,0
2023-02-07,2,103,33,107,1
2023-02-08,2,103,22,132,0
2023-02-09,2,103,31,153,0
2023-02-10,2,103,29,178,0
2023-02-11,2,103,31,89,0
2023-02-12,2,103,34,163,1
2023-02-13,2,103,25,186,0
2023-02-14,2,103,36,125,0
2023-02-15,2,103,36,191,0
2023-02-16,2,103,34,83,0
2023-02-17,2,103,24,167,0
2023-02-18,2,103,39,153,1
2023-02-19,2,103,31,54,0
2023-02-20,2,103,24,162,0
2023-02-21,2,103,36,154,0
2023-02-22,2,103,26,144,0
2023-02-23,2,103,34,181,1
2023-02-24,2,103,28,161,0
2023-02-25,2,103,22,115,0
2023-02-26,2,103,44,133,1
2023-02-27,2,103,31,165,1
2023-02-28,2,103,27,159,0
2023-03-01,2,103,25,74,0
2023-03-02,2,103,26,171,0
2023-03-03,2,103,26,156,0
2023-03-04,2,103,33,140,0
2023-03-05,2,103,23,153,0
2023-03-06,2,103,28,89,0
2023-03-07,2,103,23,110,0
2023-03-08,2,103,26,104,0
2023-03-09,2,103,26,151,0
2023-03-10,2,103,34,108,0
2023-03-11,2,103,23,100,0
2023-03-12,2,103,46,139,1
2023-03-13,2,103,34,174,0
2023-03-14,2,103,27,143,0
2023-03-15,2,103,30,80,0
2023-03-16,2,103,25,178,0
2023-03-17,2,103,28,150,0
2023-03-18,2,103,36,198,0
2023-03-19,2,103,46,148,1
2023-03-20,2,103,34,66,0
2023-03-21,2,103,22,190,0
2023-03-22,2,103,32,159,1
2023-03-23,2,103,35,192,0
2023-03-24,2,103,27,62,0
2023-03-25,2,103,22,109,0
2023-03-26,2,103,27,107,0
2023-03-27,2,103,22,75,0
2023-03-28,2,103,36,69,0
2023-03-29,2,103,27,195,0
2023-03-30,2,103,25,63,0
2023-03-31,2,103,35,177,0
2023-04-01,2,103,33,68,0
2023-04-02,2,103,43,130,1
2023-04-03,2,103,24,149,0
2023-04-04,2,103,24,93,0
2023-04-05,2,103,29,174,0
2023-04-06,2,103,28,114,1
2023-04-07,2,103,24,190,0
2023-04-08,2,103,27,191,0
2023-04-09,2,103,26,117,0
2023-04-10,2,103,29,193,0
2023-04-11,2,103,35,139,0
2023-04-12,2,103,33,80,0
2023-04-13,2,103,24,73,0
2023-04-14,2,103,36,94,0
2023-04-15,2,103,35,157,1
2023-04-16,2,103,24,174,0
2023-04-17,2,103,30,79,0
2023-04-18,2,103,31,163,0
2023-04-19,2,103,26,109,0
2023-04-20,2,103,34,143,1
2023-04-21,2,103,35,142,1
2023-04-22,2,103,28,155,0
2023-04-23,2,103,23,171,0
2023-04-24,2,103,30,55,0
2023-04-25,2,103,29,116,0
2023-04-26,2,103,31,194,0
2023-04-27,2,103,25,130,0
2023-04-28,2,103,30,84,0
2023-04-29,2,103,27,199,0
2023-04-30,2,103,28,52,0
2023-05-01,2,103,30,136,0
2023-05-02,2,103,35,162,0
2023-05-03,2,103,43,132,1
2023-05-04,2,103,34,96,0
2023-05-05,2,103,25,79,0
2023-05-06,2,103,30,161,0
2023-05-07,2,103,36,107,0
2023-05-08,2,103,35,74,0
2023-05-09,2,103,35,97,0
2023-05-10,2,103,23,60,0
2023-05-11,2,103,37,175,1
2023-05-12,2,103,37,103,1
2023-05-13,2,103,32,67,0
2023-05-14,2,103,24,139,0
2023-05-15,2,103,27,97,0
2023-05-16,2,103,31,126,0
2023-05-17,2,103,31,108,1
2023-05-18,2,103,32,121,0
2023-05-19,2,103,28,168,0
2023-05-20,2,103,35,173,0
2023-05-21,2,103,33,92,0
2023-05-22,2,103,22,169,0
2023-05-23,2,103,34,139,1
2023-05-24,2,103,25,142,0
2023-05-25,2,103,47,193,1
2023-05-26,2,103,35,173,0
2023-05-27,2,103,34,192,0
2023-05-28,2,103,25,68,0
2023-05-29,2,103,34,113,0
2023-05-30,2,103,26,78,0
2023-05-31,2,103,25,112,0
2023-06-01,2,103,25,65,0
2023-06-02,2,103,23,149,0
2023-06-03,2,103,35,83,0
2023-06-04,2,103,34,167,0
2023-06-05,2,103,34,160,0
2023-06-06,2,103,25,196,0
2023-06-07,2,103,27,128,0
2023-06-08,2,103,30,81,0
2023-06-09,2,103,25,54,0
2023-06-10,2,103,25,124,0
2023-06-11,2,103,26,117,0
2023-06-12,2,103,48,186,1
2023-06-13,2,103,31,117,0
2023-06-14,2,103,24,177,0
2023-06-15,2,103,24,132,0
2023-06-16,2,103,36,115,0
2023-06-17,2,103,32,179,0
2023-06-18,2,103,23,66,0
2023-06-19,2,103,35,156,0
2023-06-20,2,103,40,134,1
2023-06-21,2,103,25,160,0
2023-06-22,2,103,23,141,0
2023-06-23,2,103,22,155,0
2023-06-24,2,103,28,73,0
2023-06-25,2,103,25,89,0
2023-06-26,2,103,23,61,0
2023-06-27,2,103,24,162,0
2023-06-28,2,103,27,193,0
2023-06-29,2,103,23,79,0
2023-06-30,2,103,25,74,0
2023-07-01,2,103,34,91,0
2023-07-02,2,103,29,154,0
2023-07-03,2,103,27,71,0
2023-07-04,2,103,43,129,1
2023-07-05,2,103,23,138,0
2023-07-06,2,103,23,122,0
2023-07-07,2,103,33,59,0
2023-07-08,2,103,30,69,0
2023-07-09,2,103,28,114,0
2023-07-10,2,103,24,179,0
2023-07-11,2,103,42,78,1
2023-07-12,2,103,44,174,1
2023-07-13,2,103,28,187,0
2023-07-14,2,103,35,195,0
2023-07-15,2,103,29,177,0
2023-07-16,2,103,31,85,0
2023-07-17,2,103,34,176,0
2023-07-18,2,103,47,145,1
2023-07-19,2,103,30,67,1
2023-01-01,2,104,17,158,0
2023-01-02,2,104,25,198,0
2023-01-03,2,104,22,189,0
2023-01-04,2,104,15,191,0
2023-01-05,2,104,27,81,0
2023-01-06,2,104,29,103,0
2023-01-07,2,104,29,54,0
2023-01-08,2,104,38,153,1
2023-01-09,2,104,25,92,0
2023-01-10,2,104,15,148,0
2023-01-11,2,104,15,159,0
2023-01-12,2,104,20,81,0
2023-01-13,2,104,30,84,1
2023-01-14,2,104,19,119,0
2023-01-15,2,104,29,71,0
2023-01-16,2,104,16,138,0
2023-01-17,2,104,22,136,0
2023-01-18,2,104,35,137,1
2023-01-19,2,104,25,65,0
2023-01-20,2,104,24,176,1
2023-01-21,2,104,24,178,0
2023-01-22,2,104,15,133,0
2023-01-23,2,104,20,161,0
2023-01-24,2,104,17,157,0
2023-01-25,2,104,26,69,0
2023-01-26,2,104,30,68,1
2023-01-27,2,104,20,190,0
2023-01-28,2,104,27,135,0
2023-01-29,2,104,26,158,0
2023-01-30,2,104,20,91,0
2023-01-31,2,104,24,75,0
2023-02-01,2,104,21,186,0
2023-02-02,2,104,18,88,0
2023-02-03,2,104,17,60,0
2023-02-04,2,104,24,60,0
2023-02-05,2,104,20,68,0
2023-02-06,2,104,20,162,0
2023-02-07,2,104,24,148,0
2023-02-08,2,104,22,101,0
2023-02-09,2,104,31,60,1
2023-02-10,2,104,21,189,0
2023-02-11,2,104,24,189,0
2023-02-12,2,104,34,95,1
2023-02-13,2,104,19,170,0
2023-02-14,2,104,27,167,0
2023-02-15,2,104,20,167,0
2023-02-16,2,104,18,98,0
2023-02-17,2,104,21,60,0
2023-02-18,2,104,37,72,1
2023-02-19,2,104,16,160,0
2023-02-20,2,104,23,103,0
2023-02-21,2,104,27,63,0
2023-02-22,2,104,28,141,0
2023-02-23,2,104,15,142,0
2023-02-24,2,104,27,151,0
2023-02-25,2,104,24,113,0
2023-02-26,2,104,20,113,0
2023-02-27,2,104,21,56,0
2023-02-28,2,104,20,123,0
2023-03-01,2,104,24,174,0
2023-03-02,2,104,16,101,0
2023-03-03,2,104,15,53,0
2023-03-04,2,104,15,53,0
2023-03-05,2,104,15,84,0
2023-03-06,2,104,22,85,0
2023-03-07,2,104,16,92,0
2023-03-08,2,104,25,170,0
2023-03-09,2,104,16,65,0
2023-03-10,2,104,17,80,0
2023-03-11,2,104,18,88,0
2023-03-12,2,104,28,88,0
2023-03-13,2,104,33,115,1
2023-03-14,2,104,34,67,1
2023-03-15,2,104,24,50,0
2023-03-16,2,104,40,139,1
2023-03-17,2,104,27,93,0
2023-03-18,2,104,29,150,1
2023-03-19,2,104,16,150,0
2023-03-20,2,104,28,82,0
2023-03-21,2,104,34,143,1
2023-03-22,2,104,25,198,0
2023-03-23,2,104,31,166,1
2023-03-24,2,104,29,166,0
2023-03-25,2,104,26,52,0
2023-03-26,2,104,31,157,1
2023-03-27,2,104,25,60,0
2023-03-28,2,104,18,162,0
2023-03-29,2,104,16,71,0
2023-03-30,2,104,26,74,1
2023-03-31,2,104,21,104,0
2023-04-01,2,104,36,168,1
2023-04-02,2,104,15,199,0
2023-04-03,2,104,19,91,0
2023-04-04,2,104,19,123,0
2023-04-05,2,104,25,64,0
2023-04-06,2,104,21,160,0
2023-04-07,2,104,17,141,0
2023-04-08,2,104,27,55,0
2023-04-09,2,104,26,126,0
2023-04-10,2,104,27,185,0
2023-04-11,2,104,30,181,1
2023-04-12,2,104,17,94,0
2023-04-13,2,104,22,126,0
2023-04-14,2,104,26,120,1
2023-04-15,2,104,29,71,0
2023-04-16,2,104,22,50,0
2023-04-17,2,104,36,162,1
2023-04-18,2,104,36,161,1
2023-04-19,2,104,28,170,0
2023-04-20,2,104,30,74,1
2023-04-21,2,104,22,108,1
2023-04-22,2,104,26,141,0
2023-04-23,2,104,17,160,0
2023-04-24,2,104,23,117,0
2023-04-25,2,104,35,185,1
2023-04-26,2,104,20,143,0
2023-04-27,2,104,27,74,0
2023-04-28,2,104,18,160,0
2023-04-29,2,104,16,94,0
2023-04-30,2,104,16,125,0
2023-05-01,2,104,29,160,0
2023-05-02,2,104,23,196,0
2023-05-03,2,104,17,75,0
2023-05-04,2,104,40,100,1
2023-05-05,2,104,36,68,1
2023-05-06,2,104,21,196,1
2023-05-07,2,104,31,86,1
2023-05-08,2,104,31,129,1
2023-05-09,2,104,20,136,0
2023-05-10,2,104,33,95,1
2023-05-11,2,104,22,134,0
2023-05-12,2,104,37,114,1
2023-05-13,2,104,20,113,0
2023-05-14,2,104,21,145,0
2023-05-15,2,104,34,136,1
2023-05-16,2,104,29,106,0
2023-05-17,2,104,21,94,0
2023-05-18,2,104,26,164,0
2023-05-19,2,104,29,184,0
2023-05-20,2,104,16,140,0
2023-05-21,2,104,20,158,0
2023-05-22,2,104,23,139,0
2023-05-23,2,104,22,126,0
2023-05-24,2,104,15,150,0
2023-05-25,2,104,20,194,0
2023-05-26,2,104,26,74,0
2023-05-27,2,104,24,183,0
2023-05-28,2,104,25,87,0
2023-05-29,2,104,20,191,0
2023-05-30,2,104,27,166,1
2023-05-31,2,104,17,68,0
2023-06-01,2,104,16,165,0
2023-06-02,2,104,27,84,0
2023-06-03,2,104,28,175,0
2023-06-04,2,104,25,193,0
2023-06-05,2,104,16,74,0
2023-06-06,2,104,25,91,1
2023-06-07,2,104,17,129,0
2023-06-08,2,104,26,195,0
2023-06-09,2,104,16,94,0
2023-06-10,2,104,20,119,0
2023-06-11,2,104,23,88,0
2023-06-12,2,104,29,79,0
2023-06-13,2,104,23,137,0
2023-06-14,2,104,18,64,0
2023-06-15,2,104,18,58,0
2023-06-16,2,104,27,181,0
2023-06-17,2,104,15,148,0
2023-06-18,2,104,34,54,1
2023-06-19,2,104,24,142,1
2023-06-20,2,104,27,158,0
2023-06-21,2,104,24,154,0
2023-06-22,2,104,22,159,0
2023-06-23,2,104,23,60,0
2023-06-24,2,104,31,190,1
2023-06-25,2,104,18,61,0
2023-06-26,2,104,19,122,0
2023-06-27,2,104,18,105,0
2023-06-28,2,104,26,89,0
2023-06-29,2,104,21,138,0
2023-06-30,2,104,40,179,1
2023-07-01,2,104,23,152,0
2023-07-02,2,104,26,119,0
2023-07-03,2,104,17,131,0
2023-07-04,2,104,25,118,0
2023-07-05,2,104,17,175,0
2023-07-06,2,104,41,154,1
2023-07-07,2,104,18,84,0
2023-07-08,2,104,21,151,0
2023-07-09,2,104,18,98,0
2023-07-10,2,104,33,121,1
2023-07-11,2,104,16,132,0
2023-07-12,2,104,24,56,0
2023-07-13,2,104,25,85,0
2023-07-14,2,104,29,183,1
2023-07-15,2,104,27,130,0
2023-07-16,2,104,28,75,0
2023-07-17,2,104,29,77,0
2023-07-18,2,104,17,127,0
2023-07-19,2,104,26,103,1
2023-01-01,2,105,23,121,0
2023-01-02,2,105,29,108,1
2023-01-03,2,105,23,178,0
2023-01-04,2,105,29,105,0
2023-01-05,2,105,22,172,0
2023-01-06,2,105,19,153,0
2023-01-07,2,105,23,136,0
2023-01-08,2,105,39,166,1
2023-01-09,2,105,17,176,0
2023-01-10,2,105,17,182,0
2023-01-11,2,105,19,148,0
2023-01-12,2,105,20,161,0
2023-01-13,2,105,34,173,1
2023-01-14,2,105,24,131,0
2023-01-15,2,105,18,128,0
2023-01-16,2,105,37,85,1
2023-01-17,2,105,23,180,0
2023-01-18,2,105,43,147,1
2023-01-19,2,105,32,62,1
2023-01-20,2,105,17,128,0
2023-01-21,2,105,28,142,0
2023-01-22,2,105,18,87,0
2023-01-23,2,105,40,179,1
2023-01-24,2,105,17,138,0
2023-01-25,2,105,24,133,0
2023-01-26,2,105,21,71,0
2023-01-27,2,105,25,171,1
2023-01-28,2,105,17,129,0
2023-01-29,2,105,26,181,0
2023-01-30,2,105,21,143,0
2023-01-31,2,105,22,118,0
2023-02-01,2,105,28,154,1
2023-02-02,2,105,21,115,0
2023-02-03,2,105,25,135,0
2023-02-04,2,105,22,159,0
2023-02-05,2,105,17,176,0
2023-02-06,2,105,17,181,0
2023-02-07,2,105,20,76,0
2023-02-08,2,105,27,77,0
2023-02-09,2,105,26,119,0
2023-02-10,2,105,30,136,0
2023-02-11,2,105,18,105,0
2023-02-12,2,105,17,67,0
2023-02-13,2,105,22,88,0
2023-02-14,2,105,29,128,0
2023-02-15,2,105,25,79,1
2023-02-16,2,105,26,116,0
2023-02-17,2,105,23,155,0
2023-02-18,2,105,23,117,0
2023-02-19,2,105,30,163,0
2023-02-20,2,105,27,127,0
2023-02-21,2,105,25,125,0
2023-02-22,2,105,26,177,0
2023-02-23,2,105,30,121,1
2023-02-24,2,105,22,73,1
2023-02-25,2,105,31,112,0
2023-02-26,2,105,25,148,0
2023-02-27,2,105,30,71,0
2023-02-28,2,105,34,91,1
2023-03-01,2,105,24,171,1
2023-03-02,2,105,17,159,0
2023-03-03,2,105,24,105,0
2023-03-04,2,105,23,84,0
2023-03-05,2,105,18,101,0
2023-03-06,2,105,21,114,0
2023-03-07,2,105,19,70,0
2023-03-08,2,105,21,172,0
2023-03-09,2,105,29,75,0
2023-03-10,2,105,28,123,0
2023-03-11,2,105,27,72,0
2023-03-12,2,105,23,120,0
2023-03-13,2,105,28,95,0
2023-03-14,2,105,29,127,0
2023-03-15,2,105,23,51,0
2023-03-16,2,105,26,130,0
2023-03-17,2,105,31,81,1
2023-03-18,2,105,25,107,0
2023-03-19,2,105,22,183,0
2023-03-20,2,105,29,72,0
2023-03-21,2,105,26,128,0
2023-03-22,2,105,33,85,1
2023-03-23,2,105,42,118,1
2023-03-24,2,105,29,171,0
2023-03-25,2,105,17,87,0
2023-03-26,2,105,23,84,0
2023-03-27,2,105,31,83,0
2023-03-28,2,105,28,120,1
2023-03-29,2,105,25,92,1
2023-03-30,2,105,31,55,1
2023-03-31,2,105,23,139,0
2023-04-01,2,105,18,198,0
2023-04-02,2,105,30,146,0
2023-04-03,2,105,40,100,1
2023-04-04,2,105,28,90,0
2023-04-05,2,105,31,77,0
2023-04-06,2,105,17,179,0
2023-04-07,2,105,31,62,0
2023-04-08,2,105,31,71,0
2023-04-09,2,105,31,123,0
2023-04-10,2,105,25,166,0
2023-04-11,2,105,22,137,0
2023-04-12,2,105,24,146,0
2023-04-13,2,105,17,106,0
2023-04-14,2,105,18,111,0
2023-04-15,2,105,24,130,0
2023-04-16,2,105,17,161,0
2023-04-17,2,105,30,134,0
2023-04-18,2,105,21,123,0
2023-04-19,2,105,43,150,1
2023-04-20,2,105,29,122,0
2023-04-21,2,105,30,181,0
2023-04-22,2,105,18,169,0
2023-04-23,2,105,24,157,0
2023-04-24,2,105,25,64,0
2023-04-25,2,105,28,68,0
2023-04-26,2,105,39,141,1
2023-04-27,2,105,17,180,0
2023-04-28,2,105,25,66,1
2023-04-29,2,105,28,112,0
2023-04-30,2,105,19,104,0
2023-05-01,2,105,26,101,0
2023-05-02,2,105,31,95,1
2023-05-03,2,105,30,103,0
2023-05-04,2,105,30,74,0
2023-05-05,2,105,26,193,0
2023-05-06,2,105,26,141,0
2023-05-07,2,105,22,129,0
2023-05-08,2,105,23,92,0
2023-05-09,2,105,26,75,0
2023-05-10,2,105,25,112,0
2023-05-11,2,105,33,51,1
2023-05-12,2,105,35,189,1
2023-05-13,2,105,26,62,0
2023-05-14,2,105,30,147,0
2023-05-15,2,105,28,97,0
2023-05-16,2,105,20,136,0
2023-05-17,2,105,31,130,0
2023-05-18,2,105,30,179,0
2023-05-19,2,105,27,61,1
2023-05-20,2,105,24,149,0
2023-05-21,2,105,30,93,0
2023-05-22,2,105,29,149,0
2023-05-23,2,105,22,172,0
2023-05-24,2,105,22,100,0
2023-05-25,2,105,24,97,0
2023-05-26,2,105,19,102,0
2023-05-27,2,105,27,184,0
2023-05-28,2,105,27,192,0
2023-05-29,2,105,19,72,0
2023-05-30,2,105,21,64,0
2023-05-31,2,105,19,66,0
2023-06-01,2,105,26,198,0
2023-06-02,2,105,25,121,0
2023-06-03,2,105,26,84,0
2023-06-04,2,105,37,189,1
2023-06-05,2,105,22,83,0
2023-06-06,2,105,30,194,1
2023-06-07,2,105,19,164,0
2023-06-08,2,105,17,53,0
2023-06-09,2,105,26,155,0
2023-06-10,2,105,21,181,0
2023-06-11,2,105,18,179,0
2023-06-12,2,105,28,147,0
2023-06-13,2,105,22,100,0
2023-06-14,2,105,27,176,0
2023-06-15,2,105,28,57,0
2023-06-16,2,105,26,102,0
2023-06-17,2,105,20,161,0
2023-06-18,2,105,24,155,0
2023-06-19,2,105,28,135,0
2023-06-20,2,105,21,69,0
2023-06-21,2,105,24,186,0
2023-06-22,2,105,17,87,0
2023-06-23,2,105,32,93,1
2023-06-24,2,105,40,183,1
2023-06-25,2,105,17,87,0
2023-06-26,2,105,24,169,0
2023-06-27,2,105,24,119,0
2023-06-28,2,105,21,88,0
2023-06-29,2,105,24,67,0
2023-06-30,2,105,24,145,0
2023-07-01,2,105,28,76,0
2023-07-02,2,105,26,81,0
2023-07-03,2,105,26,124,0
2023-07-04,2,105,23,175,0
2023-07-05,2,105,23,113,0
2023-07-06,2,105,23,51,0
2023-07-07,2,105,18,133,0
2023-07-08,2,105,29,195,1
2023-07-09,2,105,30,121,0
2023-07-10,2,105,38,187,1
2023-07-11,2,105,23,188,0
2023-07-12,2,105,26,62,1
2023-07-13,2,105,24,91,0
2023-07-14,2,105,19,143,0
2023-07-15,2,105,19,103,0
2023-07-16,2,105,17,83,0
2023-07-17,2,105,21,67,0
2023-07-18,2,105,25,62,0
2023-07-19,2,105,19,139,0
2023-01-01,3,101,27,125,0
2023-01-02,3,101,18,131,0
2023-01-03,3,101,35,176,1
2023-01-04,3,101,21,137,0
2023-01-05,3,101,28,122,0
2023-01-06,3,101,40,123,1
2023-01-07,3,101,20,159,0
2023-01-08,3,101,30,176,1
2023-01-09,3,101,23,148,0
2023-01-10,3,101,31,134,0
2023-01-11,3,101,22,60,0
2023-01-12,3,101,28,134,0
2023-01-13,3,101,29,172,0
2023-01-14,3,101,30,117,0
2023-01-15,3,101,24,102,0
2023-01-16,3,101,26,189,0
2023-01-17,3,101,31,58,1
2023-01-18,3,101,28,77,0
2023-01-19,3,101,24,159,0
2023-01-20,3,101,18,155,0
2023-01-21,3,101,29,127,0
2023-01-22,3,101,35,82,1
2023-01-23,3,101,23,150,0
2023-01-24,3,101,19,170,0
2023-01-25,3,101,31,54,0
2023-01-26,3,101,29,100,0
2023-01-27,3,101,26,53,0
2023-01-28,3,101,31,85,0
2023-01-29,3,101,25,147,0
2023-01-30,3,101,20,58,0
2023-01-31,3,101,36,112,1
2023-02-01,3,101,25,154,0
2023-02-02,3,101,30,77,0
2023-02-03,3,101,34,118,1
2023-02-04,3,101,18,145,0
2023-02-05,3,101,26,140,0
2023-02-06,3,101,24,139,0
2023-02-07,3,101,17,199,0
2023-02-08,3,101,20,117,0
2023-02-09,3,101,23,98,0
2023-02-10,3,101,24,175,0
2023-02-11,3,101,31,160,0
2023-02-12,3,101,24,92,0
2023-02-13,3,101,23,173,1
2023-02-14,3,101,26,160,0
2023-02-15,3,101,37,162,1
2023-02-16,3,101,28,173,1
2023-02-17,3,101,17,105,0
2023-02-18,3,101,34,136,1
2023-02-19,3,101,22,65,0
2023-02-20,3,101,21,194,0
2023-02-21,3,101,25,94,1
2023-02-22,3,101,18,149,0
2023-02-23,3,101,20,158,0
2023-02-24,3,101,28,166,0
2023-02-25,3,101,20,118,0
2023-02-26,3,101,37,90,1
2023-02-27,3,101,29,171,0
2023-02-28,3,101,26,177,0
2023-03-01,3,101,19,141,0
2023-03-02,3,101,17,134,0
2023-03-03,3,101,30,58,0
2023-03-04,3,101,17,111,0
2023-03-05,3,101,31,89,0
2023-03-06,3,101,22,196,0
2023-03-07,3,101,20,190,0
2023-03-08,3,101,30,92,0
2023-03-09,3,101,31,144,1
2023-03-10,3,101,33,70,1
2023-03-11,3,101,40,165,1
2023-03-12,3,101,20,74,0
2023-03-13,3,101,28,70,0
2023-03-14,3,101,18,106,0
2023-03-15,3,101,34,180,1
2023-03-16,3,101,26,89,0
2023-03-17,3,101,19,104,0
2023-03-18,3,101,20,158,0
2023-03-19,3,101,18,161,0
2023-03-20,3,101,23,166,0
2023-03-21,3,101,29,130,0
2023-03-22,3,101,36,184,1
2023-03-23,3,101,22,91,0
2023-03-24,3,101,27,66,0
2023-03-25,3,101,27,112,0
2023-03-26,3,101,30,66,0
2023-03-27,3,101,30,130,1
2023-03-28,3,101,23,181,0
2023-03-29,3,101,22,78,0
2023-03-30,3,101,25,63,0
2023-03-31,3,101,21,106,0
2023-04-01,3,101,19,66,0
2023-04-02,3,101,30,148,0
2023-04-03,3,101,23,128,0
2023-04-04,3,101,28,76,0
2023-04-05,3,101,19,197,0
2023-04-06,3,101,17,158,0
2023-04-07,3,101,17,172,0
2023-04-08,3,101,27,152,0
2023-04-09,3,101,28,161,0
2023-04-10,3,101,30,67,0
2023-04-11,3,101,27,131,0
2023-04-12,3,101,28,120,0
2023-04-13,3,101,20,87,0
2023-04-14,3,101,27,84,0
2023-04-15,3,101,18,53,0
2023-04-16,3,101,36,199,1
2023-04-17,3,101,31,197,0
2023-04-18,3,101,29,117,0
2023-04-19,3,101,31,50,0
2023-04-20,3,101,23,189,0
2023-04-21,3,101,26,91,0
2023-04-22,3,101,22,152,0
2023-04-23,3,101,18,157,0
2023-04-24,3,101,26,120,0
2023-04-25,3,101,30,168,0
2023-04-26,3,101,18,94,0
2023-04-27,3,101,26,93,0
2023-04-28,3,101,31,150,0
2023-04-29,3,101,18,52,0
2023-04-30,3,101,22,100,0
2023-05-01,3,101,19,142,0
2023-05-02,3,101,17,169,0
2023-05-03,3,101,18,137,0
2023-05-04,3,101,17,118,0
2023-05-05,3,101,26,70,0
2023-05-06,3,101,36,52,1
2023-05-07,3,101,20,103,0
2023-05-08,3,101,19,157,0
2023-05-09,3,101,25,117,0
2023-05-10,3,101,40,66,1
2023-05-11,3,101,20,148,0
2023-05-12,3,101,17,126,0
2023-05-13,3,101,20,141,0
2023-05-14,3,101,37,160,1
2023-05-15,3,101,34,189,1
2023-05-16,3,101,35,88,1
2023-05-17,3,101,29,61,0
2023-05-18,3,101,34,106,1
2023-05-19,3,101,24,177,0
2023-05-20,3,101,29,169,0
2023-05-21,3,101,21,175,0
2023-05-22,3,101,23,187,0
2023-05-23,3,101,26,116,0
2023-05-24,3,101,24,120,0
2023-05-25,3,101,29,90,0
2023-05-26,3,101,31,189,0
2023-05-27,3,101,23,94,0
2023-05-28,3,101,27,140,0
2023-05-29,3,101,30,179,0
2023-05-30,3,101,22,128,0
2023-05-31,3,101,28,121,0
2023-06-01,3,101,21,82,0
2023-06-02,3,101,31,67,1
2023-06-03,3,101,22,86,0
2023-06-04,3,101,30,113,0
2023-06-05,3,101,26,172,0
2023-06-06,3,101,28,65,0
2023-06-07,3,101,22,147,0
2023-06-08,3,101,28,190,0
2023-06-09,3,101,25,118,0
2023-06-10,3,101,23,94,0
2023-06-11,3,101,20,140,0
2023-06-12,3,101,30,177,0
2023-06-13,3,101,23,102,0
2023-06-14,3,101,27,102,0
2023-06-15,3,101,31,97,0
2023-06-16,3,101,31,113,0
2023-06-17,3,101,43,88,1
2023-06-18,3,101,20,113,0
2023-06-19,3,101,34,151,1
2023-06-20,3,101,26,70,0
2023-06-21,3,101,29,140,1
2023-06-22,3,101,26,172,1
2023-06-23,3,101,17,84,0
2023-06-24,3,101,31,178,0
2023-06-25,3,101,25,133,0
2023-06-26,3,101,19,179,0
2023-06-27,3,101,18,118,0
2023-06-28,3,101,25,59,0
2023-06-29,3,101,18,134,0
2023-06-30,3,101,17,180,0
2023-07-01,3,101,26,139,0
2023-07-02,3,101,22,75,0
2023-07-03,3,101,24,64,0
2023-07-04,3,101,27,193,0
2023-07-05,3,101,21,96,0
2023-07-06,3,101,42,198,1
2023-07-07,3,101,18,139,0
2023-07-08,3,101,26,151,0
2023-07-09,3,101,42,57,1
2023-07-10,3,101,17,113,0
2023-07-11,3,101,22,164,0
2023-07-12,3,101,34,69,1
2023-07-13,3,101,30,142,1
2023-07-14,3,101,25,187,0
2023-07-15,3,101,29,85,0
2023-07-16,3,101,20,86,0
2023-07-17,3,101,35,142,1
2023-07-18,3,101,22,63,0
2023-07-19,3,101,21,122,0
2023-01-01,3,102,46,78,1
2023-01-02,3,102,20,121,0
2023-01-03,3,102,24,91,0
2023-01-04,3,102,24,154,0
2023-01-05,3,102,28,115,0
2023-01-06,3,102,26,178,0
2023-01-07,3,102,24,174,0
2023-01-08,3,102,20,107,0
2023-01-09,3,102,23,107,0
2023-01-10,3,102,27,51,0
2023-01-11,3,102,29,197,0
2023-01-12,3,102,32,114,1
2023-01-13,3,102,18,178,0
2023-01-14,3,102,22,154,0
2023-01-15,3,102,32,104,0
2023-01-16,3,102,28,94,0
2023-01-17,3,102,27,73,0
2023-01-18,3,102,44,77,1
2023-01-19,3,102,26,193,1
2023-01-20,3,102,32,60,0
2023-01-21,3,102,18,164,0
2023-01-22,3,102,21,190,0
2023-01-23,3,102,27,152,0
2023-01-24,3,102,26,108,0
2023-01-25,3,102,35,98,1
2023-01-26,3,102,27,128,0
2023-01-27,3,102,30,181,1
2023-01-28,3,102,21,81,0
2023-01-29,3,102,29,105,0
2023-01-30,3,102,20,103,0
2023-01-31,3,102,21,129,0
2023-02-01,3,102,27,118,0
2023-02-02,3,102,20,156,0
2023-02-03,3,102,30,149,0
2023-02-04,3,102,21,195,0
2023-02-05,3,102,23,149,0
2023-02-06,3,102,29,88,0
2023-02-07,3,102,30,134,0
2023-02-08,3,102,25,122,1
2023-02-09,3,102,41,51,1
2023-02-10,3,102,21,191,0
2023-02-11,3,102,28,152,0
2023-02-12,3,102,27,51,0
2023-02-13,3,102,20,172,0
2023-02-14,3,102,30,189,1
2023-02-15,3,102,30,61,0
2023-02-16,3,102,20,155,0
2023-02-17,3,102,36,94,1
2023-02-18,3,102,27,149,0
2023-02-19,3,102,19,78,0
2023-02-20,3,102,30,192,0
2023-02-21,3,102,23,128,0
2023-02-22,3,102,30,124,0
2023-02-23,3,102,37,111,1
2023-02-24,3,102,27,155,0
2023-02-25,3,102,27,107,1
2023-02-26,3,102,34,168,1
2023-02-27,3,102,31,101,0
2023-02-28,3,102,22,147,0
2023-03-01,3,102,29,118,0
2023-03-02,3,102,32,81,0
2023-03-03,3,102,18,79,0
2023-03-04,3,102,19,180,0
2023-03-05,3,102,27,79,0
2023-03-06,3,102,26,111,0
2023-03-07,3,102,20,74,0
2023-03-08,3,102,20,93,0
2023-03-09,3,102,33,179,1
2023-03-10,3,102,30,113,0
2023-03-11,3,102,32,179,0
2023-03-12,3,102,19,118,0
2023-03-13,3,102,27,123,0
2023-03-14,3,102,25,79,0
2023-03-15,3,102,24,167,0
2023-03-16,3,102,24,52,0
2023-03-17,3,102,27,102,0
2023-03-18,3,102,23,98,0
2023-03-19,3,102,35,60,1
2023-03-20,3,102,30,134,1
2023-03-21,3,102,21,95,0
2023-03-22,3,102,35,174,1
2023-03-23,3,102,29,147,0
2023-03-24,3,102,33,69,1
2023-03-25,3,102,34,124,1
2023-03-26,3,102,32,89,0
2023-03-27,3,102,27,132,0
2023-03-28,3,102,19,82,0
2023-03-29,3,102,25,160,1
2023-03-30,3,102,24,145,0
2023-03-31,3,102,29,155,0
2023-04-01,3,102,29,75,0
2023-04-02,3,102,22,62,0
2023-04-03,3,102,29,72,0
2023-04-04,3,102,18,166,0
2023-04-05,3,102,42,179,1
2023-04-06,3,102,24,155,1
2023-04-07,3,102,25,121,0
2023-04-08,3,102,29,119,0
2023-04-09,3,102,31,55,0
2023-04-10,3,102,27,148,0
2023-04-11,3,102,31,153,0
2023-04-12,3,102,28,187,1
2023-04-13,3,102,22,58,0
2023-04-14,3,102,32,62,0
2023-04-15,3,102,19,83,0
2023-04-16,3,102,20,169,0
2023-04-17,3,102,28,196,0
2023-04-18,3,102,20,122,0
2023-04-19,3,102,28,188,1
2023-04-20,3,102,26,178,0
2023-04-21,3,102,28,78,0
2023-04-22,3,102,19,90,0
2023-04-23,3,102,19,73,0
2023-04-24,3,102,20,188,0
2023-04-25,3,102,31,192,1
2023-04-26,3,102,29,92,0
2023-04-27,3,102,27,113,0
2023-04-28,3,102,20,115,0
2023-04-29,3,102,35,75,1
2023-04-30,3,102,30,127,0
2023-05-01,3,102,26,116,0
2023-05-02,3,102,23,186,0
2023-05-03,3,102,23,114,0
2023-05-04,3,102,32,93,1
2023-05-05,3,102,21,66,0
2023-05-06,3,102,32,180,0
2023-05-07,3,102,35,95,1
2023-05-08,3,102,32,186,1
2023-05-09,3,102,29,140,1
2023-05-10,3,102,18,143,0
2023-05-11,3,102,31,80,0
2023-05-12,3,102,28,179,0
2023-05-13,3,102,25,51,0
2023-05-14,3,102,24,107,0
2023-05-15,3,102,31,142,1
2023-05-16,3,102,21,87,0
2023-05-17,3,102,21,179,0
2023-05-18,3,102,26,116,0
2023-05-19,3,102,18,54,0
2023-05-20,3,102,30,97,0
2023-05-21,3,102,26,84,0
2023-05-22,3,102,29,71,0
2023-05-23,3,102,24,180,0
2023-05-24,3,102,38,153,1
2023-05-25,3,102,35,65,1
2023-05-26,3,102,19,158,0
2023-05-27,3,102,39,161,1
2023-05-28,3,102,32,177,0
2023-05-29,3,102,19,64,0
2023-05-30,3,102,21,118,0
2023-05-31,3,102,23,123,0
2023-06-01,3,102,31,56,1
2023-06-02,3,102,21,109,0
2023-06-03,3,102,24,78,0
2023-06-04,3,102,29,82,1
2023-06-05,3,102,26,72,0
2023-06-06,3,102,26,191,0
2023-06-07,3,102,30,68,0
2023-06-08,3,102,22,126,0
2023-06-09,3,102,19,82,0
2023-06-10,3,102,24,122,0
2023-06-11,3,102,28,66,1
2023-06-12,3,102,20,169,0
2023-06-13,3,102,22,123,0
2023-06-14,3,102,27,60,0
2023-06-15,3,102,28,176,0
2023-06-16,3,102,18,65,0
2023-06-17,3,102,20,61,0
2023-06-18,3,102,20,66,0
2023-06-19,3,102,26,76,0
2023-06-20,3,102,21,186,0
2023-06-21,3,102,29,52,0
2023-06-22,3,102,21,104,0
2023-06-23,3,102,24,75,1
2023-06-24,3,102,26,95,0
2023-06-25,3,102,32,108,0
2023-06-26,3,102,32,66,0
2023-06-27,3,102,31,73,0
2023-06-28,3,102,30,140,0
2023-06-29,3,102,26,165,0
2023-06-30,3,102,19,86,0
2023-07-01,3,102,27,113,0
2023-07-02,3,102,25,155,0
2023-07-03,3,102,23,102,0
2023-07-04,3,102,29,60,0
2023-07-05,3,102,43,149,1
2023-07-06,3,102,31,189,0
2023-07-07,3,102,32,150,0
2023-07-08,3,102,22,163,0
2023-07-09,3,102,28,179,0
2023-07-10,3,102,21,181,0
2023-07-11,3,102,34,108,1
2023-07-12,3,102,27,172,0
2023-07-13,3,102,34,67,1
2023-07-14,3,102,24,191,0
2023-07-15,3,102,23,186,0
2023-07-16,3,102,20,157,0
2023-07-17,3,102,29,127,0
2023-07-18,3,102,25,88,0
2023-07-19,3,102,26,64,0
2023-01-01,3,103,17,165,0
2023-01-02,3,103,23,190,0
2023-01-03,3,103,16,127,0
2023-01-04,3,103,19,164,0
2023-01-05,3,103,14,195,0
2023-01-06,3,103,12,130,0
2023-01-07,3,103,22,55,0
2023-01-08,3,103,17,189,0
2023-01-09,3,103,15,115,0
2023-01-10,3,103,13,130,0
2023-01-11,3,103,18,191,0
2023-01-12,3,103,23,119,0
2023-01-13,3,103,14,76,0
2023-01-14,3,103,13,169,0
2023-01-15,3,103,19,96,0
2023-01-16,3,103,26,73,0
2023-01-17,3,103,25,156,1
2023-01-18,3,103,23,188,0
2023-01-19,3,103,17,165,0
2023-01-20,3,103,30,73,1
2023-01-21,3,103,19,102,0
2023-01-22,3,103,19,149,0
2023-01-23,3,103,16,147,0
2023-01-24,3,103,25,112,0
2023-01-25,3,103,26,86,0
2023-01-26,3,103,13,141,0
2023-01-27,3,103,18,102,0
2023-01-28,3,103,27,157,1
2023-01-29,3,103,20,116,0
2023-01-30,3,103,23,197,0
2023-01-31,3,103,14,188,0
2023-02-01,3,103,30,159,1
2023-02-02,3,103,13,107,0
2023-02-03,3,103,20,90,0
2023-02-04,3,103,24,165,0
2023-02-05,3,103,25,196,0
2023-02-06,3,103,18,129,0
2023-02-07,3,103,22,117,0
2023-02-08,3,103,14,77,0
2023-02-09,3,103,16,187,0
2023-02-10,3,103,21,150,1
2023-02-11,3,103,20,51,0
2023-02-12,3,103,35,172,1
2023-02-13,3,103,25,160,0
2023-02-14,3,103,13,150,0
2023-02-15,3,103,17,160,0
2023-02-16,3,103,17,153,0
2023-02-17,3,103,24,50,0
2023-02-18,3,103,22,89,0
2023-02-19,3,103,16,57,0
2023-02-20,3,103,20,186,0
2023-02-21,3,103,19,103,0
2023-02-22,3,103,15,116,0
2023-02-23,3,103,23,95,0
2023-02-24,3,103,17,57,0
2023-02-25,3,103,18,98,0
2023-02-26,3,103,25,103,0
2023-02-27,3,103,16,89,0
2023-02-28,3,103,13,176,0
2023-03-01,3,103,20,167,1
2023-03-02,3,103,24,162,0
2023-03-03,3,103,24,134,0
2023-03-04,3,103,16,164,0
2023-03-05,3,103,20,69,0
2023-03-06,3,103,20,185,0
2023-03-07,3,103,21,188,0
2023-03-08,3,103,28,60,1
2023-03-09,3,103,25,88,0
2023-03-10,3,103,16,105,0
2023-03-11,3,103,19,167,0
2023-03-12,3,103,27,84,1
2023-03-13,3,103,24,151,0
2023-03-14,3,103,30,129,1
2023-03-15,3,103,18,124,0
2023-03-16,3,103,19,142,0
2023-03-17,3,103,22,56,0
2023-03-18,3,103,22,155,0
2023-03-19,3,103,37,147,1
2023-03-20,3,103,24,168,0
2023-03-21,3,103,20,179,1
2023-03-22,3,103,24,163,0
2023-03-23,3,103,35,82,1
2023-03-24,3,103,24,72,1
2023-03-25,3,103,19,63,0
2023-03-26,3,103,22,134,0
2023-03-27,3,103,38,156,1
2023-03-28,3,103,17,92,0
2023-03-29,3,103,20,96,0
2023-03-30,3,103,18,116,0
2023-03-31,3,103,25,86,0
2023-04-01,3,103,18,175,0
2023-04-02,3,103,19,140,0
2023-04-03,3,103,12,91,0
2023-04-04,3,103,23,175,0
2023-04-05,3,103,22,155,0
2023-04-06,3,103,24,172,0
2023-04-07,3,103,25,69,0
2023-04-08,3,103,12,169,0
2023-04-09,3,103,19,87,0
2023-04-10,3,103,16,149,0
2023-04-11,3,103,21,125,0
2023-04-12,3,103,18,122,0
2023-04-13,3,103,18,189,0
2023-04-14,3,103,20,55,0
2023-04-15,3,103,29,111,1
2023-04-16,3,103,28,138,1
2023-04-17,3,103,25,135,0
2023-04-18,3,103,38,170,1
2023-04-19,3,103,23,119,0
2023-04-20,3,103,22,72,0
2023-04-21,3,103,30,95,1
2023-04-22,3,103,17,172,0
2023-04-23,3,103,15,88,0
2023-04-24,3,103,16,124,0
2023-04-25,3,103,17,80,0
2023-04-26,3,103,22,83,0
2023-04-27,3,103,18,111,1
2023-04-28,3,103,29,167,1
2023-04-29,3,103,20,162,0
2023-04-30,3,103,23,66,0
2023-05-01,3,103,22,133,0
2023-05-02,3,103,18,187,1
2023-05-03,3,103,22,172,0
2023-05-04,3,103,20,83,0
2023-05-05,3,103,15,153,0
2023-05-06,3,103,17,89,0
2023-05-07,3,103,14,113,0
2023-05-08,3,103,26,195,1
2023-05-09,3,103,15,88,0
2023-05-10,3,103,12,187,0
2023-05-11,3,103,18,178,0
2023-05-12,3,103,21,165,1
2023-05-13,3,103,19,184,0
2023-05-14,3,103,26,142,0
2023-05-15,3,103,25,171,0
2023-05-16,3,103,19,61,0
2023-05-17,3,103,22,190,1
2023-05-18,3,103,18,137,0
2023-05-19,3,103,23,124,1
2023-05-20,3,103,32,152,1
2023-05-21,3,103,26,83,0
2023-05-22,3,103,18,78,0
2023-05-23,3,103,24,126,1
2023-05-24,3,103,23,151,1
2023-05-25,3,103,25,90,1
2023-05-26,3,103,25,110,0
2023-05-27,3,103,21,152,0
2023-05-28,3,103,14,156,0
2023-05-29,3,103,18,117,0
2023-05-30,3,103,34,110,1
2023-05-31,3,103,23,176,0
2023-06-01,3,103,12,67,0
2023-06-02,3,103,21,126,0
2023-06-03,3,103,16,101,0
2023-06-04,3,103,14,80,0
2023-06-05,3,103,22,159,0
2023-06-06,3,103,24,102,0
2023-06-07,3,103,12,51,0
2023-06-08,3,103,18,53,0
2023-06-09,3,103,24,167,1
2023-06-10,3,103,16,63,0
2023-06-11,3,103,28,95,1
2023-06-12,3,103,33,57,1
2023-06-13,3,103,19,68,0
2023-06-14,3,103,22,173,1
2023-06-15,3,103,21,95,0
2023-06-16,3,103,12,82,0
2023-06-17,3,103,16,170,0
2023-06-18,3,103,25,164,0
2023-06-19,3,103,26,97,0
2023-06-20,3,103,26,194,0
2023-06-21,3,103,19,106,0
2023-06-22,3,103,18,170,0
2023-06-23,3,103,13,156,0
2023-06-24,3,103,23,92,0
2023-06-25,3,103,32,86,1
2023-06-26,3,103,17,71,0
2023-06-27,3,103,20,174,0
2023-06-28,3,103,26,100,0
2023-06-29,3,103,19,155,0
2023-06-30,3,103,20,60,1
2023-07-01,3,103,23,88,0
2023-07-02,3,103,18,101,0
2023-07-03,3,103,26,195,0
2023-07-04,3,103,20,177,0
2023-07-05,3,103,26,59,0
2023-07-06,3,103,23,64,0
2023-07-07,3,103,14,116,0
2023-07-08,3,103,19,64,0
2023-07-09,3,103,38,96,1
2023-07-10,3,103,31,192,1
2023-07-11,3,103,13,154,0
2023-07-12,3,103,19,133,0
2023-07-13,3,103,13,120,0
2023-07-14,3,103,17,182,0
2023-07-15,3,103,22,169,0
2023-07-16,3,103,21,197,1
2023-07-17,3,103,36,117,1
2023-07-18,3,103,34,131,1
2023-07-19,3,103,12,146,0
2023-01-01,3,104,42,144,1
2023-01-02,3,104,35,75,1
2023-01-03,3,104,18,114,0
2023-01-04,3,104,17,92,0
2023-01-05,3,104,29,103,0
2023-01-06,3,104,23,78,0
2023-01-07,3,104,27,187,0
2023-01-08,3,104,41,143,1
2023-01-09,3,104,26,164,0
2023-01-10,3,104,17,171,0
2023-01-11,3,104,26,169,0
2023-01-12,3,104,23,140,0
2023-01-13,3,104,25,159,0
2023-01-14,3,104,17,133,0
2023-01-15,3,104,21,173,0
2023-01-16,3,104,24,186,0
2023-01-17,3,104,25,195,0
2023-01-18,3,104,28,183,0
2023-01-19,3,104,19,56,0
2023-01-20,3,104,21,164,0
2023-01-21,3,104,31,174,1
2023-01-22,3,104,17,111,0
2023-01-23,3,104,24,115,0
2023-01-24,3,104,30,131,0
2023-01-25,3,104,39,181,1
2023-01-26,3,104,21,138,0
2023-01-27,3,104,29,137,0
2023-01-28,3,104,18,107,0
2023-01-29,3,104,19,84,0
2023-01-30,3,104,39,114,1
2023-01-31,3,104,26,160,0
2023-02-01,3,104,40,154,1
2023-02-02,3,104,26,90,0
2023-02-03,3,104,23,74,0
2023-02-04,3,104,38,58,1
2023-02-05,3,104,28,100,0
2023-02-06,3,104,28,80,0
2023-02-07,3,104,18,142,0
2023-02-08,3,104,34,128,1
2023-02-09,3,104,24,97,0
2023-02-10,3,104,31,100,1
2023-02-11,3,104,24,150,0
2023-02-12,3,104,29,59,0
2023-02-13,3,104,26,50,0
2023-02-14,3,104,23,64,0
2023-02-15,3,104,20,197,0
2023-02-16,3,104,26,83,0
2023-02-17,3,104,33,147,1
2023-02-18,3,104,33,133,1
2023-02-19,3,104,17,182,0
2023-02-20,3,104,31,72,0
2023-02-21,3,104,29,162,0
2023-02-22,3,104,18,188,0
2023-02-23,3,104,28,148,0
2023-02-24,3,104,29,80,0
2023-02-25,3,104,17,59,0
2023-02-26,3,104,24,108,0
2023-02-27,3,104,18,79,0
2023-02-28,3,104,31,69,0
2023-03-01,3,104,25,178,0
2023-03-02,3,104,20,171,0
2023-03-03,3,104,25,83,0
2023-03-04,3,104,27,71,0
2023-03-05,3,104,22,143,0
2023-03-06,3,104,18,193,0
2023-03-07,3,104,40,99,1
2023-03-08,3,104,29,57,0
2023-03-09,3,104,32,196,1
2023-03-10,3,104,31,188,0
2023-03-11,3,104,21,197,0
2023-03-12,3,104,21,123,0
2023-03-13,3,104,18,159,0
2023-03-14,3,104,30,117,1
2023-03-15,3,104,29,127,0
2023-03-16,3,104,20,161,0
2023-03-17,3,104,30,119,1
2023-03-18,3,104,31,153,0
2023-03-19,3,104,27,105,0
2023-03-20,3,104,36,72,1
2023-03-21,3,104,31,115,0
2023-03-22,3,104,18,126,0
2023-03-23,3,104,19,80,0
2023-03-24,3,104,21,108,0
2023-03-25,3,104,25,145,0
2023-03-26,3,104,22,154,0
2023-03-27,3,104,17,181,0
2023-03-28,3,104,29,189,1
2023-03-29,3,104,36,124,1
2023-03-30,3,104,29,78,0
2023-03-31,3,104,24,103,1
2023-04-01,3,104,45,177,1
2023-04-02,3,104,18,68,0
2023-04-03,3,104,24,52,0
2023-04-04,3,104,19,135,0
2023-04-05,3,104,17,191,0
2023-04-06,3,104,19,143,0
2023-04-07,3,104,21,188,0
2023-04-08,3,104,20,159,0
2023-04-09,3,104,27,53,0
2023-04-10,3,104,27,151,0
2023-04-11,3,104,40,133,1
2023-04-12,3,104,28,174,0
2023-04-13,3,104,25,122,0
2023-04-14,3,104,29,151,0
2023-04-15,3,104,26,107,0
2023-04-16,3,104,19,162,0
2023-04-17,3,104,29,77,0
2023-04-18,3,104,21,175,0
2023-04-19,3,104,22,191,0
2023-04-20,3,104,29,192,0
2023-04-21,3,104,17,190,0
2023-04-22,3,104,36,92,1
2023-04-23,3,104,24,174,0
2023-04-24,3,104,37,112,1
2023-04-25,3,104,37,82,1
2023-04-26,3,104,36,141,1
2023-04-27,3,104,30,143,0
2023-04-28,3,104,28,64,1
2023-04-29,3,104,20,113,0
2023-04-30,3,104,22,124,0
2023-05-01,3,104,29,101,0
2023-05-02,3,104,22,132,0
2023-05-03,3,104,18,82,0
2023-05-04,3,104,24,122,0
2023-05-05,3,104,18,182,0
2023-05-06,3,104,23,57,0
2023-05-07,3,104,22,165,0
2023-05-08,3,104,29,199,0
2023-05-09,3,104,19,63,0
2023-05-10,3,104,20,154,0
2023-05-11,3,104,23,160,1
2023-05-12,3,104,17,76,0
2023-05-13,3,104,38,132,1
2023-05-14,3,104,25,64,0
2023-05-15,3,104,30,125,1
2023-05-16,3,104,30,180,0
2023-05-17,3,104,36,179,1
2023-05-18,3,104,23,193,0
2023-05-19,3,104,32,113,1
2023-05-20,3,104,20,149,0
2023-05-21,3,104,17,100,0
2023-05-22,3,104,25,104,0
2023-05-23,3,104,29,93,0
2023-05-24,3,104,30,177,0
2023-05-25,3,104,25,197,0
2023-05-26,3,104,30,157,0
2023-05-27,3,104,33,143,1
2023-05-28,3,104,28,112,0
2023-05-29,3,104,20,198,0
2023-05-30,3,104,25,175,0
2023-05-31,3,104,31,148,1
2023-06-01,3,104,20,63,0
2023-06-02,3,104,17,121,0
2023-06-03,3,104,21,196,0
2023-06-04,3,104,23,143,0
2023-06-05,3,104,24,63,1
2023-06-06,3,104,44,138,1
2023-06-07,3,104,31,63,0
2023-06-08,3,104,29,192,0
2023-06-09,3,104,19,179,0
2023-06-10,3,104,38,121,1
2023-06-11,3,104,28,191,0
2023-06-12,3,104,31,142,0
2023-06-13,3,104,17,112,0
2023-06-14,3,104,17,130,0
2023-06-15,3,104,23,165,0
2023-06-16,3,104,31,173,0
2023-06-17,3,104,19,137,0
2023-06-18,3,104,27,64,0
2023-06-19,3,104,26,122,0
2023-06-20,3,104,20,114,0
2023-06-21,3,104,17,187,0
2023-06-22,3,104,31,87,0
2023-06-23,3,104,35,102,1
2023-06-24,3,104,44,103,1
2023-06-25,3,104,20,184,0
2023-06-26,3,104,26,59,0
2023-06-27,3,104,29,86,0
2023-06-28,3,104,23,92,0
2023-06-29,3,104,31,150,0
2023-06-30,3,104,24,186,0
2023-07-01,3,104,23,141,0
2023-07-02,3,104,35,93,1
2023-07-03,3,104,36,65,1
2023-07-04,3,104,22,111,0
2023-07-05,3,104,29,139,1
2023-07-06,3,104,24,152,0
2023-07-07,3,104,23,106,0
2023-07-08,3,104,29,120,0
2023-07-09,3,104,25,180,0
2023-07-10,3,104,19,113,0
2023-07-11,3,104,31,170,0
2023-07-12,3,104,19,145,0
2023-07-13,3,104,22,146,0
2023-07-14,3,104,20,167,0
2023-07-15,3,104,18,127,0
2023-07-16,3,104,19,64,0
2023-07-17,3,104,22,150,0
2023-07-18,3,104,20,75,0
2023-07-19,3,104,18,122,0
2023-01-01,3,105,34,127,1
2023-01-02,3,105,31,62,0
2023-01-03,3,105,37,198,1
2023-01-04,3,105,30,73,0
2023-01-05,3,105,41,131,1
2023-01-06,3,105,31,66,0
2023-01-07,3,105,23,110,0
2023-01-08,3,105,30,123,0
2023-01-09,3,105,34,138,1
2023-01-10,3,105,20,148,0
2023-01-11,3,105,30,50,0
2023-01-12,3,105,39,90,1
2023-01-13,3,105,24,57,0
2023-01-14,3,105,37,152,1
2023-01-15,3,105,29,132,0
2023-01-16,3,105,33,80,0
2023-01-17,3,105,23,72,0
2023-01-18,3,105,32,87,0
2023-01-19,3,105,28,118,0
2023-01-20,3,105,28,120,0
2023-01-21,3,105,30,128,0
2023-01-22,3,105,33,173,0
2023-01-23,3,105,44,122,1
2023-01-24,3,105,29,95,0
2023-01-25,3,105,27,142,0
2023-01-26,3,105,26,122,0
2023-01-27,3,105,30,109,0
2023-01-28,3,105,28,63,0
2023-01-29,3,105,29,51,0
2023-01-30,3,105,27,149,0
2023-01-31,3,105,21,140,0
2023-02-01,3,105,40,114,1
2023-02-02,3,105,27,50,0
2023-02-03,3,105,30,188,0
2023-02-04,3,105,29,130,0
2023-02-05,3,105,37,70,1
2023-02-06,3,105,32,119,0
2023-02-07,3,105,20,105,0
2023-02-08,3,105,34,140,0
2023-02-09,3,105,21,177,0
2023-02-10,3,105,48,85,1
2023-02-11,3,105,21,97,0
2023-02-12,3,105,38,109,1
2023-02-13,3,105,32,82,0
2023-02-14,3,105,25,108,0
2023-02-15,3,105,31,176,0
2023-02-16,3,105,28,97,0
2023-02-17,3,105,39,114,1
2023-02-18,3,105,31,183,0
2023-02-19,3,105,28,50,0
2023-02-20,3,105,34,196,1
2023-02-21,3,105,31,51,0
2023-02-22,3,105,28,159,0
2023-02-23,3,105,23,98,0
2023-02-24,3,105,31,180,0
2023-02-25,3,105,30,86,0
2023-02-26,3,105,33,129,0
2023-02-27,3,105,30,73,0
2023-02-28,3,105,38,114,1
2023-03-01,3,105,37,194,1
2023-03-02,3,105,33,110,0
2023-03-03,3,105,34,76,0
2023-03-04,3,105,25,80,0
2023-03-05,3,105,30,81,0
2023-03-06,3,105,28,110,0
2023-03-07,3,105,44,53,1
2023-03-08,3,105,30,161,0
2023-03-09,3,105,23,103,0
2023-03-10,3,105,26,124,0
2023-03-11,3,105,33,199,0
2023-03-12,3,105,24,164,0
2023-03-13,3,105,30,162,0
2023-03-14,3,105,22,129,0
2023-03-15,3,105,24,196,0
2023-03-16,3,105,29,199,0
2023-03-17,3,105,38,149,1
2023-03-18,3,105,35,134,1
2023-03-19,3,105,38,155,1
2023-03-20,3,105,31,175,0
2023-03-21,3,105,29,130,0
2023-03-22,3,105,26,190,0
2023-03-23,3,105,22,103,0
2023-03-24,3,105,27,110,0
2023-03-25,3,105,26,80,0
2023-03-26,3,105,25,177,1
2023-03-27,3,105,26,175,0
2023-03-28,3,105,33,156,0
2023-03-29,3,105,22,183,0
2023-03-30,3,105,30,99,0
2023-03-31,3,105,20,72,0
2023-04-01,3,105,25,108,0
2023-04-02,3,105,23,106,0
2023-04-03,3,105,20,104,0
2023-04-04,3,105,32,70,0
2023-04-05,3,105,22,131,0
2023-04-06,3,105,30,162,0
2023-04-07,3,105,31,113,0
2023-04-08,3,105,27,117,0
2023-04-09,3,105,29,165,0
2023-04-10,3,105,22,128,0
2023-04-11,3,105,20,123,0
2023-04-12,3,105,45,67,1
2023-04-13,3,105,20,108,0
2023-04-14,3,105,38,86,1
2023-04-15,3,105,22,149,0
2023-04-16,3,105,46,181,1
2023-04-17,3,105,20,199,0
2023-04-18,3,105,35,70,1
2023-04-19,3,105,24,75,0
2023-04-20,3,105,28,87,0
2023-04-21,3,105,27,78,0
2023-04-22,3,105,34,110,0
2023-04-23,3,105,25,71,0
2023-04-24,3,105,33,172,0
2023-04-25,3,105,38,126,1
2023-04-26,3,105,36,100,1
2023-04-27,3,105,25,78,0
2023-04-28,3,105,24,129,0
2023-04-29,3,105,34,95,0
2023-04-30,3,105,20,187,0
2023-05-01,3,105,27,126,0
2023-05-02,3,105,22,101,0
2023-05-03,3,105,21,136,0
2023-05-04,3,105,32,118,0
2023-05-05,3,105,27,120,0
2023-05-06,3,105,38,79,1
2023-05-07,3,105,43,102,1
2023-05-08,3,105,26,162,0
2023-05-09,3,105,39,181,1
2023-05-10,3,105,34,87,1
2023-05-11,3,105,21,178,0
2023-05-12,3,105,23,82,0
2023-05-13,3,105,36,176,1
2023-05-14,3,105,29,111,0
2023-05-15,3,105,34,61,0
2023-05-16,3,105,20,180,0
2023-05-17,3,105,31,186,0
2023-05-18,3,105,29,127,0
2023-05-19,3,105,32,190,0
2023-05-20,3,105,21,176,0
2023-05-21,3,105,24,96,0
2023-05-22,3,105,25,134,0
2023-05-23,3,105,26,121,0
2023-05-24,3,105,42,51,1
2023-05-25,3,105,22,119,0
2023-05-26,3,105,20,143,0
2023-05-27,3,105,23,100,0
2023-05-28,3,105,21,57,0
2023-05-29,3,105,20,170,0
2023-05-30,3,105,20,53,0
2023-05-31,3,105,25,159,0
2023-06-01,3,105,22,120,0
2023-06-02,3,105,20,174,0
2023-06-03,3,105,31,121,0
2023-06-04,3,105,38,68,1
2023-06-05,3,105,23,63,0
2023-06-06,3,105,20,113,0
2023-06-07,3,105,33,141,0
2023-06-08,3,105,32,108,0
2023-06-09,3,105,23,68,0
2023-06-10,3,105,24,58,0
2023-06-11,3,105,28,94,0
2023-06-12,3,105,27,174,0
2023-06-13,3,105,30,55,0
2023-06-14,3,105,34,131,1
2023-06-15,3,105,32,180,1
2023-06-16,3,105,38,131,1
2023-06-17,3,105,21,82,0
2023-06-18,3,105,34,65,0
2023-06-19,3,105,34,87,0
2023-06-20,3,105,28,112,0
2023-06-21,3,105,38,193,1
2023-06-22,3,105,23,125,0
2023-06-23,3,105,33,62,1
2023-06-24,3,105,27,61,0
2023-06-25,3,105,28,82,0
2023-06-26,3,105,28,186,0
2023-06-27,3,105,28,78,0
2023-06-28,3,105,26,66,0
2023-06-29,3,105,27,116,0
2023-06-30,3,105,24,72,0
2023-07-01,3,105,26,103,0
2023-07-02,3,105,29,65,0
2023-07-03,3,105,28,177,0
2023-07-04,3,105,24,167,0
2023-07-05,3,105,23,51,0
2023-07-06,3,105,27,172,0
2023-07-07,3,105,25,185,0
2023-07-08,3,105,38,166,1
2023-07-09,3,105,32,90,0
2023-07-10,3,105,41,118,1
2023-07-11,3,105,24,122,0
2023-07-12,3,105,25,115,0
2023-07-13,3,105,41,169,1
2023-07-14,3,105,23,146,0
2023-07-15,3,105,32,50,0
2023-07-16,3,105,33,64,1
2023-07-17,3,105,27,79,0
2023-07-18,3,105,26,109,0
2023-07-19,3,105,25,123,0
